Round,Strategy,Protocol,Database,Bots,LatencyScenario,MinLatency,MaxLatency,ConvergenceTimeMs,TotalMessages,NetworkBytes,MemorySizeBytes,MetadataOverheadBytes
1,STATE,WS,postgres,1,LOCAL,0,0,51.10,5,1141,417,390
1,STATE,WS,postgres,1,REGIONAL,900,1000,966.66,5,811,307,289
1,STATE,WS,postgres,1,INTERCONTINENTAL,1000,2000,1635.34,5,1585,528,483
1,OPERATION,WS,postgres,1,LOCAL,0,0,50.15,5,668,417,390
1,OPERATION,WS,postgres,1,REGIONAL,900,1000,1046.55,5,668,417,390
1,OPERATION,WS,postgres,1,INTERCONTINENTAL,1000,2000,1937.64,5,668,417,390
1,DELTA,WS,postgres,1,LOCAL,0,0,51.32,5,577,528,483
1,DELTA,WS,postgres,1,REGIONAL,900,1000,999.36,5,553,417,390
1,DELTA,WS,postgres,1,INTERCONTINENTAL,1000,2000,1964.41,5,577,528,483
1,STATE,WS,postgres,100,LOCAL,0,0,375.55,50000,13171930,42371,39277
1,STATE,WS,postgres,100,REGIONAL,900,1000,1302.88,50000,13151352,41131,38203
1,STATE,WS,postgres,100,INTERCONTINENTAL,1000,2000,2049.59,50000,12960642,41137,38178
1,OPERATION,WS,postgres,100,LOCAL,0,0,280.11,50000,6842900,40574,37671
1,OPERATION,WS,postgres,100,REGIONAL,900,1000,1210.02,50000,6860300,40801,37873
1,OPERATION,WS,postgres,100,INTERCONTINENTAL,1000,2000,2049.15,50000,6852700,40462,37589
1,DELTA,WS,postgres,100,LOCAL,0,0,258.91,50000,5474286,41136,38158
1,DELTA,WS,postgres,100,REGIONAL,900,1000,1210.16,50000,5477689,40907,37979
1,DELTA,WS,postgres,100,INTERCONTINENTAL,1000,2000,2046.47,50000,5525297,40569,37746
1,STATE,WS,postgres,300,LOCAL,0,0,2095.90,450000,113619446,119679,111021
1,STATE,WS,postgres,300,REGIONAL,900,1000,3449.07,450000,115298860,121365,112415
1,STATE,WS,postgres,300,INTERCONTINENTAL,1000,2000,3736.63,450000,118352231,125169,115703
1,OPERATION,WS,postgres,300,LOCAL,0,0,1878.40,450000,62495100,123222,114045
1,OPERATION,WS,postgres,300,REGIONAL,900,1000,3176.81,450000,62628900,124510,114988
1,OPERATION,WS,postgres,300,INTERCONTINENTAL,1000,2000,3408.87,450000,62592300,123326,114239
1,DELTA,WS,postgres,300,LOCAL,0,0,1975.22,450000,49828193,121392,112547
1,DELTA,WS,postgres,300,REGIONAL,900,1000,3235.86,450000,49872582,122988,113891
1,DELTA,WS,postgres,300,INTERCONTINENTAL,1000,2000,3400.36,450000,50161477,124340,115082
1,STATE,TCP_RAW,postgres,1,LOCAL,0,0,50.79,5,1252,417,390
1,STATE,TCP_RAW,postgres,1,REGIONAL,900,1000,994.72,5,1252,417,390
1,STATE,TCP_RAW,postgres,1,INTERCONTINENTAL,1000,2000,1637.32,5,1585,528,483
1,OPERATION,TCP_RAW,postgres,1,LOCAL,0,0,51.63,5,692,528,483
1,OPERATION,TCP_RAW,postgres,1,REGIONAL,900,1000,1009.34,5,691,417,390
1,OPERATION,TCP_RAW,postgres,1,INTERCONTINENTAL,1000,2000,1974.41,5,667,306,297
1,DELTA,TCP_RAW,postgres,1,LOCAL,0,0,52.70,5,576,417,390
1,DELTA,TCP_RAW,postgres,1,REGIONAL,900,1000,1008.16,5,552,306,297
1,DELTA,TCP_RAW,postgres,1,INTERCONTINENTAL,1000,2000,1872.83,5,576,417,390
1,STATE,TCP_RAW,postgres,100,LOCAL,0,0,215.17,50000,12803160,39797,37026
1,STATE,TCP_RAW,postgres,100,REGIONAL,900,1000,1135.22,50000,12596072,39554,36885
1,STATE,TCP_RAW,postgres,100,INTERCONTINENTAL,1000,2000,2083.95,50000,12684960,39658,36928
1,OPERATION,TCP_RAW,postgres,100,LOCAL,0,0,205.82,50000,6829600,39322,36620
1,OPERATION,TCP_RAW,postgres,100,REGIONAL,900,1000,1132.34,50000,6840300,40011,37169
1,OPERATION,TCP_RAW,postgres,100,INTERCONTINENTAL,1000,2000,2057.29,50000,6848900,39209,36517
1,DELTA,TCP_RAW,postgres,100,LOCAL,0,0,224.73,50000,5430001,39200,36543
1,DELTA,TCP_RAW,postgres,100,REGIONAL,900,1000,1150.91,50000,5432092,40354,37500
1,DELTA,TCP_RAW,postgres,100,INTERCONTINENTAL,1000,2000,2111.45,50000,5441988,40682,37764
1,STATE,TCP_RAW,postgres,300,LOCAL,0,0,1486.37,450000,116834556,122962,113873
1,STATE,TCP_RAW,postgres,300,REGIONAL,900,1000,2504.04,450000,117843150,123308,114193
1,STATE,TCP_RAW,postgres,300,INTERCONTINENTAL,1000,2000,2702.57,450000,117186444,123590,114384
1,OPERATION,TCP_RAW,postgres,300,LOCAL,0,0,1202.47,450000,62630100,123981,114778
1,OPERATION,TCP_RAW,postgres,300,REGIONAL,900,1000,2270.10,450000,62683500,124974,115530
1,OPERATION,TCP_RAW,postgres,300,INTERCONTINENTAL,1000,2000,2486.28,450000,62607300,123639,114464
1,DELTA,TCP_RAW,postgres,300,LOCAL,0,0,1118.30,450000,49636788,121477,112586
1,DELTA,TCP_RAW,postgres,300,REGIONAL,900,1000,2192.38,450000,49643401,120188,111558
1,DELTA,TCP_RAW,postgres,300,INTERCONTINENTAL,1000,2000,2442.06,450000,49860873,123883,114620
1,STATE,GRPC,postgres,1,LOCAL,0,0,52.41,5,1252,306,297
1,STATE,GRPC,postgres,1,REGIONAL,900,1000,1008.60,5,1030,306,297
1,STATE,GRPC,postgres,1,INTERCONTINENTAL,1000,2000,1621.84,5,1585,528,483
1,OPERATION,GRPC,postgres,1,LOCAL,0,0,52.31,5,668,417,390
1,OPERATION,GRPC,postgres,1,REGIONAL,900,1000,1009.93,5,691,417,390
1,OPERATION,GRPC,postgres,1,INTERCONTINENTAL,1000,2000,1958.80,5,692,528,483
1,DELTA,GRPC,postgres,1,LOCAL,0,0,53.58,5,576,417,390
1,DELTA,GRPC,postgres,1,REGIONAL,900,1000,1003.64,5,226,87,87
1,DELTA,GRPC,postgres,1,INTERCONTINENTAL,1000,2000,1961.25,5,553,417,390
1,STATE,GRPC,postgres,100,LOCAL,0,0,700.08,50000,12927362,41031,38122
1,STATE,GRPC,postgres,100,REGIONAL,900,1000,1543.87,50000,12463057,38990,36333
1,STATE,GRPC,postgres,100,INTERCONTINENTAL,1000,2000,2032.46,50000,12471056,38529,35888
1,OPERATION,GRPC,postgres,100,LOCAL,0,0,525.49,50000,6802700,38327,35639
1,OPERATION,GRPC,postgres,100,REGIONAL,900,1000,1509.13,50000,6846800,39322,36623
1,OPERATION,GRPC,postgres,100,INTERCONTINENTAL,1000,2000,2037.40,50000,6858500,39321,36686
1,DELTA,GRPC,postgres,100,LOCAL,0,0,515.09,50000,5515183,42141,39051
1,DELTA,GRPC,postgres,100,REGIONAL,900,1000,1474.70,50000,5429496,39672,36915
1,DELTA,GRPC,postgres,100,INTERCONTINENTAL,1000,2000,2046.54,50000,5472083,41594,38545
1,STATE,GRPC,postgres,300,LOCAL,0,0,7105.38,450000,118244539,125133,115785
1,STATE,GRPC,postgres,300,REGIONAL,900,1000,7994.18,450000,115990357,122292,113325
1,STATE,GRPC,postgres,300,INTERCONTINENTAL,1000,2000,8949.55,450000,116248623,123317,114054
1,OPERATION,GRPC,postgres,300,LOCAL,0,0,5774.36,450000,62774400,125862,116457
1,OPERATION,GRPC,postgres,300,REGIONAL,900,1000,7129.71,450000,62476800,119456,110844
1,OPERATION,GRPC,postgres,300,INTERCONTINENTAL,1000,2000,8000.62,450000,62488800,119268,110880
1,DELTA,GRPC,postgres,300,LOCAL,0,0,5345.66,450000,49785882,122729,113659
1,DELTA,GRPC,postgres,300,REGIONAL,900,1000,6984.85,450000,50498663,126727,117111
1,DELTA,GRPC,postgres,300,INTERCONTINENTAL,1000,2000,7573.97,450000,50609981,125365,116058
1,STATE,WT,postgres,1,LOCAL,0,0,50.91,5,481,87,87
1,STATE,WT,postgres,1,REGIONAL,900,1000,1014.41,5,1585,528,483
1,STATE,WT,postgres,1,INTERCONTINENTAL,1000,2000,1606.53,5,1141,417,390
1,OPERATION,WT,postgres,1,LOCAL,0,0,53.29,5,668,417,390
1,OPERATION,WT,postgres,1,REGIONAL,900,1000,1007.68,5,644,307,289
1,OPERATION,WT,postgres,1,INTERCONTINENTAL,1000,2000,1961.06,5,668,417,390
1,DELTA,WT,postgres,1,LOCAL,0,0,52.59,5,576,417,390
1,DELTA,WT,postgres,1,REGIONAL,900,1000,1001.13,5,553,417,390
1,DELTA,WT,postgres,1,INTERCONTINENTAL,1000,2000,1639.12,5,444,307,289
1,STATE,WT,postgres,100,LOCAL,0,0,622.76,50000,12767446,40452,37649
1,STATE,WT,postgres,100,REGIONAL,900,1000,1502.83,50000,12063462,37510,35009
1,STATE,WT,postgres,100,INTERCONTINENTAL,1000,2000,2029.55,50000,12878753,41023,38139
1,OPERATION,WT,postgres,100,LOCAL,0,0,513.98,50000,6844600,39446,36738
1,OPERATION,WT,postgres,100,REGIONAL,900,1000,1472.35,50000,6857400,40684,37801
1,OPERATION,WT,postgres,100,INTERCONTINENTAL,1000,2000,2066.75,50000,6877600,41704,38730
1,DELTA,WT,postgres,100,LOCAL,0,0,474.95,50000,5468183,41493,38446
1,DELTA,WT,postgres,100,REGIONAL,900,1000,1477.22,50000,5539494,40902,38023
1,DELTA,WT,postgres,100,INTERCONTINENTAL,1000,2000,2047.42,50000,5499580,42183,39046
1,STATE,WT,postgres,300,LOCAL,0,0,4814.96,450000,115475292,120972,112162
1,STATE,WT,postgres,300,REGIONAL,900,1000,5771.71,450000,115178842,121882,112995
1,STATE,WT,postgres,300,INTERCONTINENTAL,1000,2000,5936.00,450000,117682930,124031,114691
1,OPERATION,WT,postgres,300,LOCAL,0,0,3852.95,450000,62494200,122959,113808
1,OPERATION,WT,postgres,300,REGIONAL,900,1000,5201.78,450000,62502600,122927,113713
1,OPERATION,WT,postgres,300,INTERCONTINENTAL,1000,2000,5206.56,450000,62550600,123450,114227
1,DELTA,WT,postgres,300,LOCAL,0,0,3685.13,450000,49113578,120919,111966
1,DELTA,WT,postgres,300,REGIONAL,900,1000,4989.50,450000,49736686,121833,112882
1,DELTA,WT,postgres,300,INTERCONTINENTAL,1000,2000,5423.34,450000,50548488,124204,115074
2,STATE,WS,postgres,1,LOCAL,0,0,51.52,5,1363,417,390
2,STATE,WS,postgres,1,REGIONAL,900,1000,958.57,5,1474,417,390
2,STATE,WS,postgres,1,INTERCONTINENTAL,1000,2000,1597.65,5,701,197,188
2,OPERATION,WS,postgres,1,LOCAL,0,0,53.36,5,620,197,188
2,OPERATION,WS,postgres,1,REGIONAL,900,1000,1012.89,5,691,417,390
2,OPERATION,WS,postgres,1,INTERCONTINENTAL,1000,2000,1962.70,5,692,528,483
2,DELTA,WS,postgres,1,LOCAL,0,0,51.00,5,358,197,188
2,DELTA,WS,postgres,1,REGIONAL,900,1000,1008.16,5,443,196,196
2,DELTA,WS,postgres,1,INTERCONTINENTAL,1000,2000,1956.51,5,552,306,297
2,STATE,WS,postgres,100,LOCAL,0,0,447.76,50000,12272275,38743,36203
2,STATE,WS,postgres,100,REGIONAL,900,1000,1271.08,50000,12620253,39444,36698
2,STATE,WS,postgres,100,INTERCONTINENTAL,1000,2000,2053.28,50000,12473144,39674,36956
2,OPERATION,WS,postgres,100,LOCAL,0,0,296.33,50000,6839600,39332,36588
2,OPERATION,WS,postgres,100,REGIONAL,900,1000,1258.14,50000,6829400,38757,36078
2,OPERATION,WS,postgres,100,INTERCONTINENTAL,1000,2000,2030.83,50000,6844000,38332,35710
2,DELTA,WS,postgres,100,LOCAL,0,0,309.25,50000,5455895,40110,37312
2,DELTA,WS,postgres,100,REGIONAL,900,1000,1216.16,50000,5329001,38302,35722
2,DELTA,WS,postgres,100,INTERCONTINENTAL,1000,2000,2052.07,50000,5499198,40128,37348
2,STATE,WS,postgres,300,LOCAL,0,0,2346.72,450000,116437680,121918,112954
2,STATE,WS,postgres,300,REGIONAL,900,1000,3243.95,450000,115738385,121563,112704
2,STATE,WS,postgres,300,INTERCONTINENTAL,1000,2000,3717.20,450000,117599241,124009,114655
2,OPERATION,WS,postgres,300,LOCAL,0,0,2026.12,450000,62643600,124097,114916
2,OPERATION,WS,postgres,300,REGIONAL,900,1000,3120.38,450000,62615100,124495,115169
2,OPERATION,WS,postgres,300,INTERCONTINENTAL,1000,2000,3363.64,450000,62672100,125244,115742
2,DELTA,WS,postgres,300,LOCAL,0,0,2007.38,450000,50303969,125392,115940
2,DELTA,WS,postgres,300,REGIONAL,900,1000,3167.05,450000,50059482,123443,114301
2,DELTA,WS,postgres,300,INTERCONTINENTAL,1000,2000,3392.93,450000,50092761,125754,116178
2,STATE,TCP_RAW,postgres,1,LOCAL,0,0,53.77,5,1252,417,390
2,STATE,TCP_RAW,postgres,1,REGIONAL,900,1000,1007.71,5,1252,306,297
2,STATE,TCP_RAW,postgres,1,INTERCONTINENTAL,1000,2000,1603.49,5,1141,417,390
2,OPERATION,TCP_RAW,postgres,1,LOCAL,0,0,52.14,5,644,307,289
2,OPERATION,TCP_RAW,postgres,1,REGIONAL,900,1000,1007.94,5,690,306,297
2,OPERATION,TCP_RAW,postgres,1,INTERCONTINENTAL,1000,2000,1653.52,5,620,197,188
2,DELTA,TCP_RAW,postgres,1,LOCAL,0,0,55.53,5,444,307,289
2,DELTA,TCP_RAW,postgres,1,REGIONAL,900,1000,1006.29,5,577,528,483
2,DELTA,TCP_RAW,postgres,1,INTERCONTINENTAL,1000,2000,1897.48,5,576,417,390
2,STATE,TCP_RAW,postgres,100,LOCAL,0,0,213.39,50000,12555744,39448,36636
2,STATE,TCP_RAW,postgres,100,REGIONAL,900,1000,1162.21,50000,12819273,40215,37459
2,STATE,TCP_RAW,postgres,100,INTERCONTINENTAL,1000,2000,2092.62,50000,12619745,39779,37016
2,OPERATION,TCP_RAW,postgres,100,LOCAL,0,0,161.84,50000,6854200,39670,36934
2,OPERATION,TCP_RAW,postgres,100,REGIONAL,900,1000,1117.37,50000,6842700,40232,37391
2,OPERATION,TCP_RAW,postgres,100,INTERCONTINENTAL,1000,2000,2099.57,50000,6877000,41250,38338
2,DELTA,TCP_RAW,postgres,100,LOCAL,0,0,158.09,50000,5460407,38864,36293
2,DELTA,TCP_RAW,postgres,100,REGIONAL,900,1000,1162.70,50000,5400899,39086,36419
2,DELTA,TCP_RAW,postgres,100,INTERCONTINENTAL,1000,2000,2102.51,50000,5412297,39674,36926
2,STATE,TCP_RAW,postgres,300,LOCAL,0,0,1490.65,450000,115453072,121363,112590
2,STATE,TCP_RAW,postgres,300,REGIONAL,900,1000,2543.97,450000,117349947,123658,114407
2,STATE,TCP_RAW,postgres,300,INTERCONTINENTAL,1000,2000,2681.13,450000,117684437,124252,114944
2,OPERATION,TCP_RAW,postgres,300,LOCAL,0,0,1304.98,450000,62531400,124344,115128
2,OPERATION,TCP_RAW,postgres,300,REGIONAL,900,1000,2280.58,450000,62596800,123102,113990
2,OPERATION,TCP_RAW,postgres,300,INTERCONTINENTAL,1000,2000,2517.40,450000,62487900,123348,114118
2,DELTA,TCP_RAW,postgres,300,LOCAL,0,0,1251.56,450000,49805072,123789,114516
2,DELTA,TCP_RAW,postgres,300,REGIONAL,900,1000,2301.57,450000,50166291,123116,114096
2,DELTA,TCP_RAW,postgres,300,INTERCONTINENTAL,1000,2000,2496.38,450000,50459075,125241,115830
2,STATE,GRPC,postgres,1,LOCAL,0,0,53.39,5,1252,417,390
2,STATE,GRPC,postgres,1,REGIONAL,900,1000,1011.28,5,919,306,297
2,STATE,GRPC,postgres,1,INTERCONTINENTAL,1000,2000,1636.40,5,921,307,289
2,OPERATION,GRPC,postgres,1,LOCAL,0,0,53.60,5,692,528,483
2,OPERATION,GRPC,postgres,1,REGIONAL,900,1000,1011.74,5,643,196,196
2,OPERATION,GRPC,postgres,1,INTERCONTINENTAL,1000,2000,1963.54,5,668,417,390
2,DELTA,GRPC,postgres,1,LOCAL,0,0,51.39,5,576,417,390
2,DELTA,GRPC,postgres,1,REGIONAL,900,1000,998.36,5,444,307,289
2,DELTA,GRPC,postgres,1,INTERCONTINENTAL,1000,2000,1573.72,5,443,196,196
2,STATE,GRPC,postgres,100,LOCAL,0,0,637.98,50000,12037577,38066,35576
2,STATE,GRPC,postgres,100,REGIONAL,900,1000,1540.53,50000,12778359,39782,36959
2,STATE,GRPC,postgres,100,INTERCONTINENTAL,1000,2000,2038.06,50000,12765056,39766,37020
2,OPERATION,GRPC,postgres,100,LOCAL,0,0,544.02,50000,6847100,39226,36564
2,OPERATION,GRPC,postgres,100,REGIONAL,900,1000,1482.90,50000,6825400,39217,36532
2,OPERATION,GRPC,postgres,100,INTERCONTINENTAL,1000,2000,2051.60,50000,6843300,40587,37642
2,DELTA,GRPC,postgres,100,LOCAL,0,0,573.87,50000,5363598,38879,36212
2,DELTA,GRPC,postgres,100,REGIONAL,900,1000,1476.46,50000,5459287,41025,38063
2,DELTA,GRPC,postgres,100,INTERCONTINENTAL,1000,2000,2040.71,50000,5520794,40911,38028
2,STATE,GRPC,postgres,300,LOCAL,0,0,7784.78,450000,114420768,120421,111630
2,STATE,GRPC,postgres,300,REGIONAL,900,1000,8702.81,450000,116919506,122269,113301
2,STATE,GRPC,postgres,300,INTERCONTINENTAL,1000,2000,9726.70,450000,119086631,124852,115396
2,OPERATION,GRPC,postgres,300,LOCAL,0,0,6092.63,450000,62451600,121031,112202
2,OPERATION,GRPC,postgres,300,REGIONAL,900,1000,7546.93,450000,62522100,121517,112502
2,OPERATION,GRPC,postgres,300,INTERCONTINENTAL,1000,2000,8627.18,450000,62397300,120601,111825
2,DELTA,GRPC,postgres,300,LOCAL,0,0,5815.15,450000,50411082,124493,115253
2,DELTA,GRPC,postgres,300,REGIONAL,900,1000,7236.50,450000,49637693,121243,112425
2,DELTA,GRPC,postgres,300,INTERCONTINENTAL,1000,2000,7987.39,450000,49791568,124391,115007
2,STATE,WT,postgres,1,LOCAL,0,0,51.61,5,1585,528,483
2,STATE,WT,postgres,1,REGIONAL,900,1000,1007.50,5,1252,417,390
2,STATE,WT,postgres,1,INTERCONTINENTAL,1000,2000,1591.42,5,1141,306,297
2,OPERATION,WT,postgres,1,LOCAL,0,0,56.10,5,691,417,390
2,OPERATION,WT,postgres,1,REGIONAL,900,1000,1023.21,5,690,307,289
2,OPERATION,WT,postgres,1,INTERCONTINENTAL,1000,2000,1951.16,5,692,528,483
2,DELTA,WT,postgres,1,LOCAL,0,0,51.47,5,467,307,289
2,DELTA,WT,postgres,1,REGIONAL,900,1000,1010.26,5,226,87,87
2,DELTA,WT,postgres,1,INTERCONTINENTAL,1000,2000,1961.96,5,577,528,483
2,STATE,WT,postgres,100,LOCAL,0,0,653.12,50000,12642452,39669,36886
2,STATE,WT,postgres,100,REGIONAL,900,1000,1537.95,50000,12481070,38984,36386
2,STATE,WT,postgres,100,INTERCONTINENTAL,1000,2000,2040.18,50000,12359049,39104,36426
2,OPERATION,WT,postgres,100,LOCAL,0,0,494.48,50000,6838000,40232,37391
2,OPERATION,WT,postgres,100,REGIONAL,900,1000,1468.44,50000,6871800,41346,38338
2,OPERATION,WT,postgres,100,INTERCONTINENTAL,1000,2000,2050.22,50000,6837100,39762,37027
2,DELTA,WT,postgres,100,LOCAL,0,0,459.47,50000,5385305,38527,35964
2,DELTA,WT,postgres,100,REGIONAL,900,1000,1455.72,50000,5465191,40792,37896
2,DELTA,WT,postgres,100,INTERCONTINENTAL,1000,2000,2058.34,50000,5431592,40018,37191
2,STATE,WT,postgres,300,LOCAL,0,0,4868.13,450000,117335855,123641,114507
2,STATE,WT,postgres,300,REGIONAL,900,1000,5879.96,450000,118005802,122887,113884
2,STATE,WT,postgres,300,INTERCONTINENTAL,1000,2000,5919.15,450000,117505335,124819,115467
2,OPERATION,WT,postgres,300,LOCAL,0,0,4012.45,450000,62723400,125990,116439
2,OPERATION,WT,postgres,300,REGIONAL,900,1000,5237.00,450000,62514000,121083,112258
2,OPERATION,WT,postgres,300,INTERCONTINENTAL,1000,2000,5264.37,450000,62692500,123090,113974
2,DELTA,WT,postgres,300,LOCAL,0,0,4084.58,450000,49593587,121763,112853
2,DELTA,WT,postgres,300,REGIONAL,900,1000,4987.20,450000,50387087,124027,114879
2,DELTA,WT,postgres,300,INTERCONTINENTAL,1000,2000,5596.58,450000,50289871,125387,115959
3,STATE,WS,postgres,1,LOCAL,0,0,51.86,5,921,196,196
3,STATE,WS,postgres,1,REGIONAL,900,1000,989.69,5,1030,306,297
3,STATE,WS,postgres,1,INTERCONTINENTAL,1000,2000,1636.55,5,1030,306,297
3,OPERATION,WS,postgres,1,LOCAL,0,0,52.51,5,668,417,390
3,OPERATION,WS,postgres,1,REGIONAL,900,1000,1010.46,5,692,528,483
3,OPERATION,WS,postgres,1,INTERCONTINENTAL,1000,2000,1964.27,5,692,528,483
3,DELTA,WS,postgres,1,LOCAL,0,0,51.03,5,577,528,483
3,DELTA,WS,postgres,1,REGIONAL,900,1000,1014.73,5,444,307,289
3,DELTA,WS,postgres,1,INTERCONTINENTAL,1000,2000,1638.62,5,552,306,297
3,STATE,WS,postgres,100,LOCAL,0,0,369.34,50000,12539352,39888,37127
3,STATE,WS,postgres,100,REGIONAL,900,1000,1286.76,50000,12799064,40456,37643
3,STATE,WS,postgres,100,INTERCONTINENTAL,1000,2000,2028.38,50000,13037431,41691,38678
3,OPERATION,WS,postgres,100,LOCAL,0,0,284.89,50000,6822700,39337,36572
3,OPERATION,WS,postgres,100,REGIONAL,900,1000,1208.20,50000,6829800,39104,36401
3,OPERATION,WS,postgres,100,INTERCONTINENTAL,1000,2000,2039.04,50000,6887700,42393,39251
3,DELTA,WS,postgres,100,LOCAL,0,0,265.68,50000,5519395,40901,38032
3,DELTA,WS,postgres,100,REGIONAL,900,1000,1241.85,50000,5334788,39677,36844
3,DELTA,WS,postgres,100,INTERCONTINENTAL,1000,2000,2051.18,50000,5408687,40463,37552
3,STATE,WS,postgres,300,LOCAL,0,0,2376.91,450000,116754442,123461,114280
3,STATE,WS,postgres,300,REGIONAL,900,1000,3308.06,450000,117310951,123540,114319
3,STATE,WS,postgres,300,INTERCONTINENTAL,1000,2000,3745.85,450000,115089715,121351,112360
3,OPERATION,WS,postgres,300,LOCAL,0,0,2112.07,450000,62607300,124140,114890
3,OPERATION,WS,postgres,300,REGIONAL,900,1000,3357.47,450000,62709900,124209,114999
3,OPERATION,WS,postgres,300,INTERCONTINENTAL,1000,2000,3373.44,450000,62366700,119295,110716
3,DELTA,WS,postgres,300,LOCAL,0,0,1945.08,450000,50160572,124943,115559
3,DELTA,WS,postgres,300,REGIONAL,900,1000,3265.87,450000,49874689,122151,113207
3,DELTA,WS,postgres,300,INTERCONTINENTAL,1000,2000,3495.53,450000,50092776,124008,114757
3,STATE,TCP_RAW,postgres,1,LOCAL,0,0,56.22,5,1474,417,390
3,STATE,TCP_RAW,postgres,1,REGIONAL,900,1000,1005.33,5,1252,417,390
3,STATE,TCP_RAW,postgres,1,INTERCONTINENTAL,1000,2000,1604.74,5,811,307,289
3,OPERATION,TCP_RAW,postgres,1,LOCAL,0,0,50.93,5,668,417,390
3,OPERATION,TCP_RAW,postgres,1,REGIONAL,900,1000,1017.73,5,668,417,390
3,OPERATION,TCP_RAW,postgres,1,INTERCONTINENTAL,1000,2000,1958.30,5,691,417,390
3,DELTA,TCP_RAW,postgres,1,LOCAL,0,0,50.74,5,576,417,390
3,DELTA,TCP_RAW,postgres,1,REGIONAL,900,1000,1010.65,5,552,306,297
3,DELTA,TCP_RAW,postgres,1,INTERCONTINENTAL,1000,2000,1636.66,5,444,307,289
3,STATE,TCP_RAW,postgres,100,LOCAL,0,0,242.08,50000,12444786,38412,35878
3,STATE,TCP_RAW,postgres,100,REGIONAL,900,1000,1162.11,50000,12447147,38906,36143
3,STATE,TCP_RAW,postgres,100,INTERCONTINENTAL,1000,2000,2084.31,50000,12763167,39541,36806
3,OPERATION,TCP_RAW,postgres,100,LOCAL,0,0,219.21,50000,6841500,38864,36291
3,OPERATION,TCP_RAW,postgres,100,REGIONAL,900,1000,1135.12,50000,6874400,40905,37996
3,OPERATION,TCP_RAW,postgres,100,INTERCONTINENTAL,1000,2000,2094.15,50000,6825400,39106,36439
3,DELTA,TCP_RAW,postgres,100,LOCAL,0,0,166.09,50000,5442787,40686,37756
3,DELTA,TCP_RAW,postgres,100,REGIONAL,900,1000,1163.33,50000,5436598,39643,36923
3,DELTA,TCP_RAW,postgres,100,INTERCONTINENTAL,1000,2000,2086.67,50000,5452798,39765,37030
3,STATE,TCP_RAW,postgres,300,LOCAL,0,0,1593.98,450000,115704478,120786,112024
3,STATE,TCP_RAW,postgres,300,REGIONAL,900,1000,2637.02,450000,118559265,125856,116392
3,STATE,TCP_RAW,postgres,300,INTERCONTINENTAL,1000,2000,2682.96,450000,117105114,124025,114653
3,OPERATION,TCP_RAW,postgres,300,LOCAL,0,0,1375.90,450000,62730000,123303,114247
3,OPERATION,TCP_RAW,postgres,300,REGIONAL,900,1000,2297.50,450000,62856300,124886,115590
3,OPERATION,TCP_RAW,postgres,300,INTERCONTINENTAL,1000,2000,2581.60,450000,62697600,124370,114965
3,DELTA,TCP_RAW,postgres,300,LOCAL,0,0,1251.76,450000,49697679,122530,113448
3,DELTA,TCP_RAW,postgres,300,REGIONAL,900,1000,2286.87,450000,49940384,122635,113591
3,DELTA,TCP_RAW,postgres,300,INTERCONTINENTAL,1000,2000,2535.29,450000,49768781,122870,113775
3,STATE,GRPC,postgres,1,LOCAL,0,0,50.48,5,701,197,188
3,STATE,GRPC,postgres,1,REGIONAL,900,1000,1007.43,5,1252,417,390
3,STATE,GRPC,postgres,1,INTERCONTINENTAL,1000,2000,1575.59,5,922,197,188
3,OPERATION,GRPC,postgres,1,LOCAL,0,0,52.88,5,691,417,390
3,OPERATION,GRPC,postgres,1,REGIONAL,900,1000,1000.69,5,691,417,390
3,OPERATION,GRPC,postgres,1,INTERCONTINENTAL,1000,2000,1965.53,5,644,307,289
3,DELTA,GRPC,postgres,1,LOCAL,0,0,51.67,5,552,306,297
3,DELTA,GRPC,postgres,1,REGIONAL,900,1000,1003.68,5,552,306,297
3,DELTA,GRPC,postgres,1,INTERCONTINENTAL,1000,2000,1946.75,5,553,417,390
3,STATE,GRPC,postgres,100,LOCAL,0,0,720.72,50000,12822861,40117,37334
3,STATE,GRPC,postgres,100,REGIONAL,900,1000,1589.39,50000,13266739,42044,38946
3,STATE,GRPC,postgres,100,INTERCONTINENTAL,1000,2000,2037.90,50000,12697471,39776,37070
3,OPERATION,GRPC,postgres,100,LOCAL,0,0,535.15,50000,6879200,41130,38239
3,OPERATION,GRPC,postgres,100,REGIONAL,900,1000,1525.56,50000,6857300,40796,37887
3,OPERATION,GRPC,postgres,100,INTERCONTINENTAL,1000,2000,2029.12,50000,6880500,42164,39042
3,DELTA,GRPC,postgres,100,LOCAL,0,0,580.93,50000,5363184,40582,37629
3,DELTA,GRPC,postgres,100,REGIONAL,900,1000,1481.11,50000,5464585,41244,38249
3,DELTA,GRPC,postgres,100,INTERCONTINENTAL,1000,2000,2027.27,50000,5421203,39085,36457
3,STATE,GRPC,postgres,300,LOCAL,0,0,7956.40,450000,118816949,125659,116157
3,STATE,GRPC,postgres,300,REGIONAL,900,1000,8796.62,450000,116974050,124138,114882
3,STATE,GRPC,postgres,300,INTERCONTINENTAL,1000,2000,9460.75,450000,111758260,118693,110214
3,OPERATION,GRPC,postgres,300,LOCAL,0,0,6348.90,450000,62663700,126096,116524
3,OPERATION,GRPC,postgres,300,REGIONAL,900,1000,7777.40,450000,62607300,124488,115145
3,OPERATION,GRPC,postgres,300,INTERCONTINENTAL,1000,2000,8597.17,450000,62641500,123226,114070
3,DELTA,GRPC,postgres,300,LOCAL,0,0,5565.88,450000,49995890,122189,113246
3,DELTA,GRPC,postgres,300,REGIONAL,900,1000,7121.17,450000,49901080,123198,114067
3,DELTA,GRPC,postgres,300,INTERCONTINENTAL,1000,2000,7827.71,450000,50020770,124567,115211
3,STATE,WT,postgres,1,LOCAL,0,0,51.73,5,1141,417,390
3,STATE,WT,postgres,1,REGIONAL,900,1000,960.86,5,1474,417,390
3,STATE,WT,postgres,1,INTERCONTINENTAL,1000,2000,1649.81,5,1141,417,390
3,OPERATION,WT,postgres,1,LOCAL,0,0,52.66,5,644,307,289
3,OPERATION,WT,postgres,1,REGIONAL,900,1000,1008.05,5,691,417,390
3,OPERATION,WT,postgres,1,INTERCONTINENTAL,1000,2000,1964.64,5,692,528,483
3,DELTA,WT,postgres,1,LOCAL,0,0,50.62,5,576,417,390
3,DELTA,WT,postgres,1,REGIONAL,900,1000,1012.25,5,577,528,483
3,DELTA,WT,postgres,1,INTERCONTINENTAL,1000,2000,1974.98,5,577,528,483
3,STATE,WT,postgres,100,LOCAL,0,0,673.27,50000,12971847,40798,37923
3,STATE,WT,postgres,100,REGIONAL,900,1000,1556.13,50000,12598944,39446,36626
3,STATE,WT,postgres,100,INTERCONTINENTAL,1000,2000,2020.65,50000,12927951,40807,37901
3,OPERATION,WT,postgres,100,LOCAL,0,0,522.59,50000,6848800,39427,36682
3,OPERATION,WT,postgres,100,REGIONAL,900,1000,1503.46,50000,6852800,40690,37749
3,OPERATION,WT,postgres,100,INTERCONTINENTAL,1000,2000,2063.40,50000,6871400,40220,37440
3,DELTA,WT,postgres,100,LOCAL,0,0,501.92,50000,5400492,39890,37080
3,DELTA,WT,postgres,100,REGIONAL,900,1000,1484.82,50000,5462796,39883,37113
3,DELTA,WT,postgres,100,INTERCONTINENTAL,1000,2000,2052.56,50000,5470983,41609,38553
3,STATE,WT,postgres,300,LOCAL,0,0,4824.10,450000,115050742,121442,112464
3,STATE,WT,postgres,300,REGIONAL,900,1000,5824.41,450000,117525448,124504,115268
3,STATE,WT,postgres,300,INTERCONTINENTAL,1000,2000,6022.37,450000,117641816,123893,114559
3,OPERATION,WT,postgres,300,LOCAL,0,0,3979.37,450000,62595000,124958,115507
3,OPERATION,WT,postgres,300,REGIONAL,900,1000,5077.02,450000,62765700,126987,117199
3,OPERATION,WT,postgres,300,INTERCONTINENTAL,1000,2000,5337.10,450000,62572800,122082,113022
3,DELTA,WT,postgres,300,LOCAL,0,0,3833.92,450000,49520693,120428,111686
3,DELTA,WT,postgres,300,REGIONAL,900,1000,5039.63,450000,49083587,120003,111234
3,DELTA,WT,postgres,300,INTERCONTINENTAL,1000,2000,5430.66,450000,50098489,122850,113842
4,STATE,WS,postgres,1,LOCAL,0,0,51.11,5,1585,528,483
4,STATE,WS,postgres,1,REGIONAL,900,1000,1010.04,5,1474,417,390
4,STATE,WS,postgres,1,INTERCONTINENTAL,1000,2000,1649.24,5,1585,528,483
4,OPERATION,WS,postgres,1,LOCAL,0,0,52.66,5,668,417,390
4,OPERATION,WS,postgres,1,REGIONAL,900,1000,1020.44,5,691,417,390
4,OPERATION,WS,postgres,1,INTERCONTINENTAL,1000,2000,1944.67,5,690,306,297
4,DELTA,WS,postgres,1,LOCAL,0,0,51.90,5,576,417,390
4,DELTA,WS,postgres,1,REGIONAL,900,1000,1008.14,5,576,417,390
4,DELTA,WS,postgres,1,INTERCONTINENTAL,1000,2000,1853.63,5,576,417,390
4,STATE,WS,postgres,100,LOCAL,0,0,435.27,50000,12442938,39456,36708
4,STATE,WS,postgres,100,REGIONAL,900,1000,1295.16,50000,13137356,41466,38519
4,STATE,WS,postgres,100,INTERCONTINENTAL,1000,2000,2041.29,50000,13150833,41804,38752
4,OPERATION,WS,postgres,100,LOCAL,0,0,304.07,50000,6863500,39436,36716
4,OPERATION,WS,postgres,100,REGIONAL,900,1000,1254.63,50000,6813300,39442,36689
4,OPERATION,WS,postgres,100,INTERCONTINENTAL,1000,2000,2054.78,50000,6832400,39547,36834
4,DELTA,WS,postgres,100,LOCAL,0,0,278.16,50000,5397402,38866,36243
4,DELTA,WS,postgres,100,REGIONAL,900,1000,1225.57,50000,5550890,41587,38606
4,DELTA,WS,postgres,100,INTERCONTINENTAL,1000,2000,2022.13,50000,5440883,41255,38236
4,STATE,WS,postgres,300,LOCAL,0,0,2186.90,450000,118413488,123785,114711
4,STATE,WS,postgres,300,REGIONAL,900,1000,3393.09,450000,115511864,123042,114039
4,STATE,WS,postgres,300,INTERCONTINENTAL,1000,2000,3850.64,450000,117206846,123415,114271
4,OPERATION,WS,postgres,300,LOCAL,0,0,1962.08,450000,62793600,125051,115651
4,OPERATION,WS,postgres,300,REGIONAL,900,1000,3226.30,450000,62471700,120189,111645
4,OPERATION,WS,postgres,300,INTERCONTINENTAL,1000,2000,3549.75,450000,62811000,125726,116358
4,DELTA,WS,postgres,300,LOCAL,0,0,2012.13,450000,50096969,125315,115851
4,DELTA,WS,postgres,300,REGIONAL,900,1000,3193.23,450000,49652667,123684,114364
4,DELTA,WS,postgres,300,INTERCONTINENTAL,1000,2000,3529.04,450000,50757564,127631,117909
4,STATE,TCP_RAW,postgres,1,LOCAL,0,0,51.96,5,1141,417,390
4,STATE,TCP_RAW,postgres,1,REGIONAL,900,1000,1007.29,5,1252,417,390
4,STATE,TCP_RAW,postgres,1,INTERCONTINENTAL,1000,2000,1591.49,5,1141,306,297
4,OPERATION,TCP_RAW,postgres,1,LOCAL,0,0,50.70,5,691,417,390
4,OPERATION,TCP_RAW,postgres,1,REGIONAL,900,1000,999.06,5,644,307,289
4,OPERATION,TCP_RAW,postgres,1,INTERCONTINENTAL,1000,2000,1955.61,5,667,306,297
4,DELTA,TCP_RAW,postgres,1,LOCAL,0,0,52.05,5,553,417,390
4,DELTA,TCP_RAW,postgres,1,REGIONAL,900,1000,1006.05,5,553,417,390
4,DELTA,TCP_RAW,postgres,1,INTERCONTINENTAL,1000,2000,1853.58,5,553,417,390
4,STATE,TCP_RAW,postgres,100,LOCAL,0,0,266.04,50000,12417544,39327,36604
4,STATE,TCP_RAW,postgres,100,REGIONAL,900,1000,1156.53,50000,12476147,39229,36480
4,STATE,TCP_RAW,postgres,100,INTERCONTINENTAL,1000,2000,2099.25,50000,12448459,38990,36277
4,OPERATION,TCP_RAW,postgres,100,LOCAL,0,0,180.25,50000,6854900,40685,37822
4,OPERATION,TCP_RAW,postgres,100,REGIONAL,900,1000,1156.29,50000,6852400,40576,37682
4,OPERATION,TCP_RAW,postgres,100,INTERCONTINENTAL,1000,2000,2062.29,50000,6842200,39446,36681
4,DELTA,TCP_RAW,postgres,100,LOCAL,0,0,191.19,50000,5490097,40239,37442
4,DELTA,TCP_RAW,postgres,100,REGIONAL,900,1000,1163.73,50000,5458003,39317,36664
4,DELTA,TCP_RAW,postgres,100,INTERCONTINENTAL,1000,2000,2117.16,50000,5444096,39886,37115
4,STATE,TCP_RAW,postgres,300,LOCAL,0,0,1659.66,450000,117206848,123872,114695
4,STATE,TCP_RAW,postgres,300,REGIONAL,900,1000,2529.11,450000,114241638,120319,111519
4,STATE,TCP_RAW,postgres,300,INTERCONTINENTAL,1000,2000,2754.29,450000,115907850,121715,112737
4,OPERATION,TCP_RAW,postgres,300,LOCAL,0,0,1305.12,450000,62607600,124018,114820
4,OPERATION,TCP_RAW,postgres,300,REGIONAL,900,1000,2358.62,450000,62715000,124223,114918
4,OPERATION,TCP_RAW,postgres,300,INTERCONTINENTAL,1000,2000,2582.13,450000,62633100,123195,114155
4,DELTA,TCP_RAW,postgres,300,LOCAL,0,0,1298.08,450000,50419176,125067,115701
4,DELTA,TCP_RAW,postgres,300,REGIONAL,900,1000,2247.33,450000,49999169,124402,115021
4,DELTA,TCP_RAW,postgres,300,INTERCONTINENTAL,1000,2000,2569.58,450000,49907361,125320,115772
4,STATE,GRPC,postgres,1,LOCAL,0,0,49.93,5,1585,528,483
4,STATE,GRPC,postgres,1,REGIONAL,900,1000,995.88,5,919,306,297
4,STATE,GRPC,postgres,1,INTERCONTINENTAL,1000,2000,1606.91,5,1363,417,390
4,OPERATION,GRPC,postgres,1,LOCAL,0,0,51.97,5,668,417,390
4,OPERATION,GRPC,postgres,1,REGIONAL,900,1000,1008.99,5,644,307,289
4,OPERATION,GRPC,postgres,1,INTERCONTINENTAL,1000,2000,1964.11,5,691,417,390
4,DELTA,GRPC,postgres,1,LOCAL,0,0,52.72,5,552,306,297
4,DELTA,GRPC,postgres,1,REGIONAL,900,1000,1018.31,5,576,417,390
4,DELTA,GRPC,postgres,1,INTERCONTINENTAL,1000,2000,1964.47,5,552,306,297
4,STATE,GRPC,postgres,100,LOCAL,0,0,718.21,50000,12981567,40688,37824
4,STATE,GRPC,postgres,100,REGIONAL,900,1000,1578.67,50000,12971852,40909,38046
4,STATE,GRPC,postgres,100,INTERCONTINENTAL,1000,2000,2026.09,50000,12326659,38662,35955
4,OPERATION,GRPC,postgres,100,LOCAL,0,0,582.00,50000,6873500,39992,37253
4,OPERATION,GRPC,postgres,100,REGIONAL,900,1000,1485.74,50000,6833400,40122,37291
4,OPERATION,GRPC,postgres,100,INTERCONTINENTAL,1000,2000,2022.41,50000,6865000,41025,38095
4,DELTA,GRPC,postgres,100,LOCAL,0,0,579.09,50000,5412104,38772,36169
4,DELTA,GRPC,postgres,100,REGIONAL,900,1000,1503.06,50000,5561892,41475,38522
4,DELTA,GRPC,postgres,100,INTERCONTINENTAL,1000,2000,2019.88,50000,5593600,41027,38188
4,STATE,GRPC,postgres,300,LOCAL,0,0,7943.38,450000,116226777,121920,112995
4,STATE,GRPC,postgres,300,REGIONAL,900,1000,8855.22,450000,118086787,122866,113870
4,STATE,GRPC,postgres,300,INTERCONTINENTAL,1000,2000,10049.69,450000,119182637,125964,116453
4,OPERATION,GRPC,postgres,300,LOCAL,0,0,6372.51,450000,62497200,124703,115222
4,OPERATION,GRPC,postgres,300,REGIONAL,900,1000,7862.32,450000,62813700,127013,117312
4,OPERATION,GRPC,postgres,300,INTERCONTINENTAL,1000,2000,8564.59,450000,62670900,121999,112986
4,DELTA,GRPC,postgres,300,LOCAL,0,0,5705.17,450000,50072976,124368,115078
4,DELTA,GRPC,postgres,300,REGIONAL,900,1000,7334.16,450000,49876187,122195,113218
4,DELTA,GRPC,postgres,300,INTERCONTINENTAL,1000,2000,7851.46,450000,49520987,121225,112345
4,STATE,WT,postgres,1,LOCAL,0,0,51.04,5,1585,528,483
4,STATE,WT,postgres,1,REGIONAL,900,1000,1009.08,5,1363,417,390
4,STATE,WT,postgres,1,INTERCONTINENTAL,1000,2000,1649.80,5,1030,306,297
4,OPERATION,WT,postgres,1,LOCAL,0,0,52.54,5,692,528,483
4,OPERATION,WT,postgres,1,REGIONAL,900,1000,1010.89,5,691,417,390
4,OPERATION,WT,postgres,1,INTERCONTINENTAL,1000,2000,1963.73,5,691,417,390
4,DELTA,WT,postgres,1,LOCAL,0,0,51.67,5,553,417,390
4,DELTA,WT,postgres,1,REGIONAL,900,1000,1005.85,5,577,528,483
4,DELTA,WT,postgres,1,INTERCONTINENTAL,1000,2000,1971.51,5,576,417,390
4,STATE,WT,postgres,100,LOCAL,0,0,664.23,50000,12641644,40348,37493
4,STATE,WT,postgres,100,REGIONAL,900,1000,1549.01,50000,12262371,38293,35715
4,STATE,WT,postgres,100,INTERCONTINENTAL,1000,2000,2038.29,50000,12849942,40246,37352
4,OPERATION,WT,postgres,100,LOCAL,0,0,497.90,50000,6879800,41480,38479
4,OPERATION,WT,postgres,100,REGIONAL,900,1000,1477.12,50000,6846800,39328,36652
4,OPERATION,WT,postgres,100,INTERCONTINENTAL,1000,2000,2043.37,50000,6852300,40228,37372
4,DELTA,WT,postgres,100,LOCAL,0,0,470.85,50000,5586287,42161,39097
4,DELTA,WT,postgres,100,REGIONAL,900,1000,1502.33,50000,5481584,41486,38453
4,DELTA,WT,postgres,100,INTERCONTINENTAL,1000,2000,2068.73,50000,5449980,41704,38619
4,STATE,WT,postgres,300,LOCAL,0,0,4899.99,450000,117920260,124250,115053
4,STATE,WT,postgres,300,REGIONAL,900,1000,5794.93,450000,116708206,123791,114525
4,STATE,WT,postgres,300,INTERCONTINENTAL,1000,2000,6025.72,450000,116377061,123154,114033
4,OPERATION,WT,postgres,300,LOCAL,0,0,4261.00,450000,62723700,124970,115609
4,OPERATION,WT,postgres,300,REGIONAL,900,1000,4946.85,450000,62518800,123216,114046
4,OPERATION,WT,postgres,300,INTERCONTINENTAL,1000,2000,5318.81,450000,62554200,121682,112869
4,DELTA,WT,postgres,300,LOCAL,0,0,3925.43,450000,49576778,122745,113629
4,DELTA,WT,postgres,300,REGIONAL,900,1000,5114.60,450000,50088288,122759,113740
4,DELTA,WT,postgres,300,INTERCONTINENTAL,1000,2000,5491.73,450000,50006084,123063,113995
5,STATE,WS,postgres,1,LOCAL,0,0,51.47,5,1585,528,483
5,STATE,WS,postgres,1,REGIONAL,900,1000,994.92,5,920,196,196
5,STATE,WS,postgres,1,INTERCONTINENTAL,1000,2000,1613.73,5,1585,528,483
5,OPERATION,WS,postgres,1,LOCAL,0,0,53.07,5,644,307,289
5,OPERATION,WS,postgres,1,REGIONAL,900,1000,1013.70,5,668,417,390
5,OPERATION,WS,postgres,1,INTERCONTINENTAL,1000,2000,1965.71,5,690,307,289
5,DELTA,WS,postgres,1,LOCAL,0,0,55.17,5,552,306,297
5,DELTA,WS,postgres,1,REGIONAL,900,1000,1004.94,5,553,417,390
5,DELTA,WS,postgres,1,INTERCONTINENTAL,1000,2000,1896.83,5,575,306,297
5,STATE,WS,postgres,100,LOCAL,0,0,346.22,50000,12794051,40360,37504
5,STATE,WS,postgres,100,REGIONAL,900,1000,1286.79,50000,12951224,41257,38187
5,STATE,WS,postgres,100,INTERCONTINENTAL,1000,2000,2017.63,50000,12974953,40921,37995
5,OPERATION,WS,postgres,100,LOCAL,0,0,278.64,50000,6877300,41478,38468
5,OPERATION,WS,postgres,100,REGIONAL,900,1000,1233.40,50000,6818100,39552,36791
5,OPERATION,WS,postgres,100,INTERCONTINENTAL,1000,2000,2051.13,50000,6903700,41694,38706
5,DELTA,WS,postgres,100,LOCAL,0,0,291.24,50000,5374993,39666,36885
5,DELTA,WS,postgres,100,REGIONAL,900,1000,1232.00,50000,5406404,38647,36058
5,DELTA,WS,postgres,100,INTERCONTINENTAL,1000,2000,2035.83,50000,5454210,38519,36007
5,STATE,WS,postgres,300,LOCAL,0,0,2402.00,450000,118626752,124510,115174
5,STATE,WS,postgres,300,REGIONAL,900,1000,3379.51,450000,117553944,123177,114030
5,STATE,WS,postgres,300,INTERCONTINENTAL,1000,2000,3850.15,450000,119522845,125714,116296
5,OPERATION,WS,postgres,300,LOCAL,0,0,2011.58,450000,62432100,121712,112861
5,OPERATION,WS,postgres,300,REGIONAL,900,1000,3147.65,450000,62380200,121369,112584
5,OPERATION,WS,postgres,300,INTERCONTINENTAL,1000,2000,3456.73,450000,62557200,124703,115396
5,DELTA,WS,postgres,300,LOCAL,0,0,1977.97,450000,50131775,124390,115072
5,DELTA,WS,postgres,300,REGIONAL,900,1000,3268.26,450000,50230491,122949,113962
5,DELTA,WS,postgres,300,INTERCONTINENTAL,1000,2000,3523.41,450000,49697092,121030,112216
5,STATE,TCP_RAW,postgres,1,LOCAL,0,0,51.80,5,1030,306,297
5,STATE,TCP_RAW,postgres,1,REGIONAL,900,1000,1011.38,5,1252,417,390
5,STATE,TCP_RAW,postgres,1,INTERCONTINENTAL,1000,2000,1595.40,5,1030,306,297
5,OPERATION,TCP_RAW,postgres,1,LOCAL,0,0,51.14,5,692,528,483
5,OPERATION,TCP_RAW,postgres,1,REGIONAL,900,1000,1008.66,5,691,417,390
5,OPERATION,TCP_RAW,postgres,1,INTERCONTINENTAL,1000,2000,1953.61,5,644,307,289
5,DELTA,TCP_RAW,postgres,1,LOCAL,0,0,55.28,5,577,528,483
5,DELTA,TCP_RAW,postgres,1,REGIONAL,900,1000,1008.01,5,576,417,390
5,DELTA,TCP_RAW,postgres,1,INTERCONTINENTAL,1000,2000,1900.13,5,552,306,297
5,STATE,TCP_RAW,postgres,100,LOCAL,0,0,261.05,50000,12971030,41925,38896
5,STATE,TCP_RAW,postgres,100,REGIONAL,900,1000,1171.53,50000,13100243,41045,38056
5,STATE,TCP_RAW,postgres,100,INTERCONTINENTAL,1000,2000,2107.61,50000,12593373,39206,36600
5,OPERATION,TCP_RAW,postgres,100,LOCAL,0,0,218.51,50000,6844500,39543,36843
5,OPERATION,TCP_RAW,postgres,100,REGIONAL,900,1000,1136.99,50000,6856300,39209,36628
5,OPERATION,TCP_RAW,postgres,100,INTERCONTINENTAL,1000,2000,2094.34,50000,6838400,40467,37575
5,DELTA,TCP_RAW,postgres,100,LOCAL,0,0,205.03,50000,5443698,39774,37033
5,DELTA,TCP_RAW,postgres,100,REGIONAL,900,1000,1128.69,50000,5559200,40673,37872
5,DELTA,TCP_RAW,postgres,100,INTERCONTINENTAL,1000,2000,2086.58,50000,5567688,41925,38898
5,STATE,TCP_RAW,postgres,300,LOCAL,0,0,1679.86,450000,116284038,123199,114054
5,STATE,TCP_RAW,postgres,300,REGIONAL,900,1000,2591.45,450000,117157004,124817,115363
5,STATE,TCP_RAW,postgres,300,INTERCONTINENTAL,1000,2000,2795.94,450000,117961929,123517,114387
5,OPERATION,TCP_RAW,postgres,300,LOCAL,0,0,1316.08,450000,62468100,121230,112431
5,OPERATION,TCP_RAW,postgres,300,REGIONAL,900,1000,2286.39,450000,62790000,125956,116470
5,OPERATION,TCP_RAW,postgres,300,INTERCONTINENTAL,1000,2000,2560.75,450000,62622600,124346,115055
5,DELTA,TCP_RAW,postgres,300,LOCAL,0,0,1346.86,450000,50085876,124243,114966
5,DELTA,TCP_RAW,postgres,300,REGIONAL,900,1000,2356.65,450000,50126378,124167,114908
5,DELTA,TCP_RAW,postgres,300,INTERCONTINENTAL,1000,2000,2552.47,450000,50456063,126650,117023
5,STATE,GRPC,postgres,1,LOCAL,0,0,53.25,5,1585,528,483
5,STATE,GRPC,postgres,1,REGIONAL,900,1000,1012.34,5,1474,417,390
5,STATE,GRPC,postgres,1,INTERCONTINENTAL,1000,2000,1649.63,5,1585,528,483
5,OPERATION,GRPC,postgres,1,LOCAL,0,0,51.83,5,668,417,390
5,OPERATION,GRPC,postgres,1,REGIONAL,900,1000,997.99,5,692,528,483
5,OPERATION,GRPC,postgres,1,INTERCONTINENTAL,1000,2000,1952.20,5,692,528,483
5,DELTA,GRPC,postgres,1,LOCAL,0,0,51.83,5,576,417,390
5,DELTA,GRPC,postgres,1,REGIONAL,900,1000,1014.97,5,577,528,483
5,DELTA,GRPC,postgres,1,INTERCONTINENTAL,1000,2000,1635.49,5,575,306,297
5,STATE,GRPC,postgres,100,LOCAL,0,0,639.97,50000,13289543,41934,38872
5,STATE,GRPC,postgres,100,REGIONAL,900,1000,1595.82,50000,13145750,41371,38398
5,STATE,GRPC,postgres,100,INTERCONTINENTAL,1000,2000,2036.11,50000,12744351,40571,37699
5,OPERATION,GRPC,postgres,100,LOCAL,0,0,577.97,50000,6866300,40455,37566
5,OPERATION,GRPC,postgres,100,REGIONAL,900,1000,1534.81,50000,6854400,39996,37161
5,OPERATION,GRPC,postgres,100,INTERCONTINENTAL,1000,2000,2027.08,50000,6848300,41145,38162
5,DELTA,GRPC,postgres,100,LOCAL,0,0,582.92,50000,5327902,38313,35735
5,DELTA,GRPC,postgres,100,REGIONAL,900,1000,1545.09,50000,5550994,41360,38437
5,DELTA,GRPC,postgres,100,INTERCONTINENTAL,1000,2000,2026.04,50000,5534997,40789,37948
5,STATE,GRPC,postgres,300,LOCAL,0,0,7550.57,450000,114494250,120805,111972
5,STATE,GRPC,postgres,300,REGIONAL,900,1000,8518.03,450000,115045952,120450,111595
5,STATE,GRPC,postgres,300,INTERCONTINENTAL,1000,2000,9856.16,450000,117234458,123059,113973
5,OPERATION,GRPC,postgres,300,LOCAL,0,0,6103.68,450000,62459700,120588,111886
5,OPERATION,GRPC,postgres,300,REGIONAL,900,1000,7870.41,450000,62672100,124881,115489
5,OPERATION,GRPC,postgres,300,INTERCONTINENTAL,1000,2000,8616.82,450000,62561100,126437,116811
5,DELTA,GRPC,postgres,300,LOCAL,0,0,5649.95,450000,49531169,123126,113874
5,DELTA,GRPC,postgres,300,REGIONAL,900,1000,7187.64,450000,50194760,126448,116800
5,DELTA,GRPC,postgres,300,INTERCONTINENTAL,1000,2000,7717.04,450000,49993769,124574,115202
5,STATE,WT,postgres,1,LOCAL,0,0,52.78,5,1252,417,390
5,STATE,WT,postgres,1,REGIONAL,900,1000,1010.20,5,1585,528,483
5,STATE,WT,postgres,1,INTERCONTINENTAL,1000,2000,1632.12,5,1363,417,390
5,OPERATION,WT,postgres,1,LOCAL,0,0,52.25,5,692,528,483
5,OPERATION,WT,postgres,1,REGIONAL,900,1000,1011.46,5,667,306,297
5,OPERATION,WT,postgres,1,INTERCONTINENTAL,1000,2000,1956.11,5,667,306,297
5,DELTA,WT,postgres,1,LOCAL,0,0,51.36,5,552,306,297
5,DELTA,WT,postgres,1,REGIONAL,900,1000,1007.30,5,552,306,297
5,DELTA,WT,postgres,1,INTERCONTINENTAL,1000,2000,1642.86,5,335,197,188
5,STATE,WT,postgres,100,LOCAL,0,0,721.05,50000,12916862,40140,37269
5,STATE,WT,postgres,100,REGIONAL,900,1000,1521.12,50000,12777739,40910,37952
5,STATE,WT,postgres,100,INTERCONTINENTAL,1000,2000,2031.44,50000,12801346,40804,37842
5,OPERATION,WT,postgres,100,LOCAL,0,0,503.12,50000,6874600,41237,38313
5,OPERATION,WT,postgres,100,REGIONAL,900,1000,1476.52,50000,6859300,40332,37524
5,OPERATION,WT,postgres,100,INTERCONTINENTAL,1000,2000,2048.59,50000,6857900,41472,38492
5,DELTA,WT,postgres,100,LOCAL,0,0,480.25,50000,5507388,41363,38385
5,DELTA,WT,postgres,100,REGIONAL,900,1000,1470.39,50000,5341899,38637,36008
5,DELTA,WT,postgres,100,INTERCONTINENTAL,1000,2000,2041.03,50000,5479895,40452,37622
5,STATE,WT,postgres,300,LOCAL,0,0,4715.80,450000,116064433,123402,114244
5,STATE,WT,postgres,300,REGIONAL,900,1000,6001.12,450000,114504433,121446,112555
5,STATE,WT,postgres,300,INTERCONTINENTAL,1000,2000,6113.85,450000,119500074,125392,116090
5,OPERATION,WT,postgres,300,LOCAL,0,0,3877.39,450000,62713800,124256,114937
5,OPERATION,WT,postgres,300,REGIONAL,900,1000,5057.14,450000,62498400,122525,113454
5,OPERATION,WT,postgres,300,INTERCONTINENTAL,1000,2000,5412.23,450000,62440200,122087,113062
5,DELTA,WT,postgres,300,LOCAL,0,0,3842.97,450000,50190271,125027,115637
5,DELTA,WT,postgres,300,REGIONAL,900,1000,4978.80,450000,49702473,123342,114114
5,DELTA,WT,postgres,300,INTERCONTINENTAL,1000,2000,5321.60,450000,49919697,121239,112469
6,STATE,WS,postgres,1,LOCAL,0,0,53.48,5,1585,528,483
6,STATE,WS,postgres,1,REGIONAL,900,1000,961.51,5,1031,307,289
6,STATE,WS,postgres,1,INTERCONTINENTAL,1000,2000,1643.36,5,1363,417,390
6,OPERATION,WS,postgres,1,LOCAL,0,0,53.45,5,620,197,188
6,OPERATION,WS,postgres,1,REGIONAL,900,1000,1009.57,5,691,417,390
6,OPERATION,WS,postgres,1,INTERCONTINENTAL,1000,2000,1978.95,5,668,417,390
6,DELTA,WS,postgres,1,LOCAL,0,0,52.61,5,577,528,483
6,DELTA,WS,postgres,1,REGIONAL,900,1000,1010.02,5,577,528,483
6,DELTA,WS,postgres,1,INTERCONTINENTAL,1000,2000,1944.02,5,552,306,297
6,STATE,WS,postgres,100,LOCAL,0,0,371.08,50000,12564634,39892,37089
6,STATE,WS,postgres,100,REGIONAL,900,1000,1275.83,50000,13254548,42043,39010
6,STATE,WS,postgres,100,INTERCONTINENTAL,1000,2000,2040.16,50000,12632371,39338,36648
6,OPERATION,WS,postgres,100,LOCAL,0,0,268.07,50000,6872800,42150,39055
6,OPERATION,WS,postgres,100,REGIONAL,900,1000,1229.78,50000,6844800,39895,37091
6,OPERATION,WS,postgres,100,INTERCONTINENTAL,1000,2000,2053.89,50000,6869700,41247,38305
6,DELTA,WS,postgres,100,LOCAL,0,0,300.72,50000,5466877,42171,39008
6,DELTA,WS,postgres,100,REGIONAL,900,1000,1249.66,50000,5424397,39671,36926
6,DELTA,WS,postgres,100,INTERCONTINENTAL,1000,2000,2033.35,50000,5449694,40233,37411
6,STATE,WS,postgres,300,LOCAL,0,0,2431.08,450000,116898733,123306,114132
6,STATE,WS,postgres,300,REGIONAL,900,1000,3359.56,450000,115848454,121896,112788
6,STATE,WS,postgres,300,INTERCONTINENTAL,1000,2000,3731.34,450000,118427847,123990,114778
6,OPERATION,WS,postgres,300,LOCAL,0,0,2173.86,450000,62832000,125604,116190
6,OPERATION,WS,postgres,300,REGIONAL,900,1000,3203.81,450000,62498400,122017,113107
6,OPERATION,WS,postgres,300,INTERCONTINENTAL,1000,2000,3435.00,450000,62585100,123915,114587
6,DELTA,WS,postgres,300,LOCAL,0,0,2037.77,450000,50261983,123879,114718
6,DELTA,WS,postgres,300,REGIONAL,900,1000,3199.62,450000,50329786,123873,114750
6,DELTA,WS,postgres,300,INTERCONTINENTAL,1000,2000,3468.62,450000,50297686,123796,114659
6,STATE,TCP_RAW,postgres,1,LOCAL,0,0,51.66,5,1141,417,390
6,STATE,TCP_RAW,postgres,1,REGIONAL,900,1000,964.16,5,1141,417,390
6,STATE,TCP_RAW,postgres,1,INTERCONTINENTAL,1000,2000,1565.92,5,1252,306,297
6,OPERATION,TCP_RAW,postgres,1,LOCAL,0,0,51.84,5,692,528,483
6,OPERATION,TCP_RAW,postgres,1,REGIONAL,900,1000,1003.65,5,667,306,297
6,OPERATION,TCP_RAW,postgres,1,INTERCONTINENTAL,1000,2000,1943.06,5,668,417,390
6,DELTA,TCP_RAW,postgres,1,LOCAL,0,0,53.30,5,576,417,390
6,DELTA,TCP_RAW,postgres,1,REGIONAL,900,1000,1003.75,5,577,528,483
6,DELTA,TCP_RAW,postgres,1,INTERCONTINENTAL,1000,2000,1951.30,5,577,528,483
6,STATE,TCP_RAW,postgres,100,LOCAL,0,0,254.93,50000,12879363,40346,37540
6,STATE,TCP_RAW,postgres,100,REGIONAL,900,1000,1181.74,50000,13230248,41470,38483
6,STATE,TCP_RAW,postgres,100,INTERCONTINENTAL,1000,2000,2087.01,50000,12632843,40123,37308
6,OPERATION,TCP_RAW,postgres,100,LOCAL,0,0,195.22,50000,6854100,39883,37115
6,OPERATION,TCP_RAW,postgres,100,REGIONAL,900,1000,1131.59,50000,6871100,40216,37392
6,OPERATION,TCP_RAW,postgres,100,INTERCONTINENTAL,1000,2000,2087.97,50000,6847000,40218,37402
6,DELTA,TCP_RAW,postgres,100,LOCAL,0,0,181.72,50000,5308387,39571,36735
6,DELTA,TCP_RAW,postgres,100,REGIONAL,900,1000,1117.00,50000,5430792,40345,37493
6,DELTA,TCP_RAW,postgres,100,INTERCONTINENTAL,1000,2000,2129.22,50000,5391402,38878,36251
6,STATE,TCP_RAW,postgres,300,LOCAL,0,0,1604.86,450000,116079165,121136,112324
6,STATE,TCP_RAW,postgres,300,REGIONAL,900,1000,2567.59,450000,114875586,119999,111393
6,STATE,TCP_RAW,postgres,300,INTERCONTINENTAL,1000,2000,2683.19,450000,117572841,123443,114240
6,OPERATION,TCP_RAW,postgres,300,LOCAL,0,0,1232.03,450000,62662200,125416,115983
6,OPERATION,TCP_RAW,postgres,300,REGIONAL,900,1000,2315.69,450000,62658900,126675,117026
6,OPERATION,TCP_RAW,postgres,300,INTERCONTINENTAL,1000,2000,2459.28,450000,62261700,117291,109060
6,DELTA,TCP_RAW,postgres,300,LOCAL,0,0,1308.86,450000,50363359,126458,116795
6,DELTA,TCP_RAW,postgres,300,REGIONAL,900,1000,2391.81,450000,49193381,120767,111882
6,DELTA,TCP_RAW,postgres,300,INTERCONTINENTAL,1000,2000,2536.01,450000,49670386,121922,112982
6,STATE,GRPC,postgres,1,LOCAL,0,0,51.30,5,1585,528,483
6,STATE,GRPC,postgres,1,REGIONAL,900,1000,963.78,5,922,197,188
6,STATE,GRPC,postgres,1,INTERCONTINENTAL,1000,2000,1575.25,5,1030,306,297
6,OPERATION,GRPC,postgres,1,LOCAL,0,0,53.71,5,668,417,390
6,OPERATION,GRPC,postgres,1,REGIONAL,900,1000,1006.39,5,692,528,483
6,OPERATION,GRPC,postgres,1,INTERCONTINENTAL,1000,2000,1849.22,5,644,307,289
6,DELTA,GRPC,postgres,1,LOCAL,0,0,52.49,5,552,306,297
6,DELTA,GRPC,postgres,1,REGIONAL,900,1000,1012.19,5,577,528,483
6,DELTA,GRPC,postgres,1,INTERCONTINENTAL,1000,2000,1853.32,5,467,307,289
6,STATE,GRPC,postgres,100,LOCAL,0,0,677.99,50000,12945661,40676,37844
6,STATE,GRPC,postgres,100,REGIONAL,900,1000,1571.91,50000,12855164,40565,37724
6,STATE,GRPC,postgres,100,INTERCONTINENTAL,1000,2000,2037.48,50000,12711451,39900,37130
6,OPERATION,GRPC,postgres,100,LOCAL,0,0,530.25,50000,6853000,41026,38112
6,OPERATION,GRPC,postgres,100,REGIONAL,900,1000,1527.90,50000,6875600,42059,38979
6,OPERATION,GRPC,postgres,100,INTERCONTINENTAL,1000,2000,2031.54,50000,6871000,40001,37229
6,DELTA,GRPC,postgres,100,LOCAL,0,0,527.57,50000,5408200,39311,36634
6,DELTA,GRPC,postgres,100,REGIONAL,900,1000,1526.97,50000,5442486,41032,38061
6,DELTA,GRPC,postgres,100,INTERCONTINENTAL,1000,2000,2037.50,50000,5406693,39794,36997
6,STATE,GRPC,postgres,300,LOCAL,0,0,7896.88,450000,119223111,126937,117252
6,STATE,GRPC,postgres,300,REGIONAL,900,1000,8684.24,450000,115553236,122428,113257
6,STATE,GRPC,postgres,300,INTERCONTINENTAL,1000,2000,9686.91,450000,116810232,124144,114818
6,OPERATION,GRPC,postgres,300,LOCAL,0,0,6261.67,450000,62751300,124974,115622
6,OPERATION,GRPC,postgres,300,REGIONAL,900,1000,7774.98,450000,62592900,123920,114658
6,OPERATION,GRPC,postgres,300,INTERCONTINENTAL,1000,2000,8387.27,450000,62417700,122726,113544
6,DELTA,GRPC,postgres,300,LOCAL,0,0,5721.21,450000,49538076,122277,113186
6,DELTA,GRPC,postgres,300,REGIONAL,900,1000,7249.91,450000,49998596,121695,112874
6,DELTA,GRPC,postgres,300,INTERCONTINENTAL,1000,2000,7691.94,450000,49506890,120752,111963
6,STATE,WT,postgres,1,LOCAL,0,0,51.04,5,1585,528,483
6,STATE,WT,postgres,1,REGIONAL,900,1000,1011.38,5,1585,528,483
6,STATE,WT,postgres,1,INTERCONTINENTAL,1000,2000,1643.53,5,1032,307,289
6,OPERATION,WT,postgres,1,LOCAL,0,0,51.59,5,691,417,390
6,OPERATION,WT,postgres,1,REGIONAL,900,1000,1014.54,5,692,528,483
6,OPERATION,WT,postgres,1,INTERCONTINENTAL,1000,2000,1600.46,5,596,87,87
6,DELTA,WT,postgres,1,LOCAL,0,0,52.93,5,553,417,390
6,DELTA,WT,postgres,1,REGIONAL,900,1000,1014.07,5,444,307,289
6,DELTA,WT,postgres,1,INTERCONTINENTAL,1000,2000,1856.46,5,552,306,297
6,STATE,WT,postgres,100,LOCAL,0,0,687.84,50000,12550659,39099,36417
6,STATE,WT,postgres,100,REGIONAL,900,1000,1545.48,50000,12769185,39787,37033
6,STATE,WT,postgres,100,INTERCONTINENTAL,1000,2000,2050.32,50000,12632454,39671,36924
6,OPERATION,WT,postgres,100,LOCAL,0,0,512.32,50000,6847700,40797,37820
6,OPERATION,WT,postgres,100,REGIONAL,900,1000,1457.63,50000,6839100,41267,38241
6,OPERATION,WT,postgres,100,INTERCONTINENTAL,1000,2000,2091.32,50000,6880300,42049,38986
6,DELTA,WT,postgres,100,LOCAL,0,0,474.89,50000,5377403,38645,36051
6,DELTA,WT,postgres,100,REGIONAL,900,1000,1511.39,50000,5497496,40442,37627
6,DELTA,WT,postgres,100,INTERCONTINENTAL,1000,2000,2032.86,50000,5373991,39787,36973
6,STATE,WT,postgres,300,LOCAL,0,0,4816.61,450000,118369335,124722,115273
6,STATE,WT,postgres,300,REGIONAL,900,1000,5797.26,450000,117883057,123220,114003
6,STATE,WT,postgres,300,INTERCONTINENTAL,1000,2000,6159.83,450000,118107747,125721,116226
6,OPERATION,WT,postgres,300,LOCAL,0,0,3955.11,450000,62532000,121572,112680
6,OPERATION,WT,postgres,300,REGIONAL,900,1000,5218.99,450000,62502600,120774,111968
6,OPERATION,WT,postgres,300,INTERCONTINENTAL,1000,2000,5459.33,450000,62403900,121636,112644
6,DELTA,WT,postgres,300,LOCAL,0,0,3913.75,450000,49594163,124134,114736
6,DELTA,WT,postgres,300,REGIONAL,900,1000,4974.68,450000,49589690,121311,112475
6,DELTA,WT,postgres,300,INTERCONTINENTAL,1000,2000,5687.62,450000,50060693,122599,113665
7,STATE,WS,postgres,1,LOCAL,0,0,52.53,5,1474,417,390
7,STATE,WS,postgres,1,REGIONAL,900,1000,957.10,5,922,197,188
7,STATE,WS,postgres,1,INTERCONTINENTAL,1000,2000,1572.61,5,811,197,188
7,OPERATION,WS,postgres,1,LOCAL,0,0,50.45,5,690,307,289
7,OPERATION,WS,postgres,1,REGIONAL,900,1000,1000.00,5,692,528,483
7,OPERATION,WS,postgres,1,INTERCONTINENTAL,1000,2000,1960.51,5,692,528,483
7,DELTA,WS,postgres,1,LOCAL,0,0,50.51,5,577,528,483
7,DELTA,WS,postgres,1,REGIONAL,900,1000,1005.15,5,576,417,390
7,DELTA,WS,postgres,1,INTERCONTINENTAL,1000,2000,1649.97,5,552,306,297
7,STATE,WS,postgres,100,LOCAL,0,0,344.81,50000,13107750,41479,38518
7,STATE,WS,postgres,100,REGIONAL,900,1000,1276.80,50000,12450448,39669,36916
7,STATE,WS,postgres,100,INTERCONTINENTAL,1000,2000,2036.38,50000,12482135,39770,37011
7,OPERATION,WS,postgres,100,LOCAL,0,0,298.82,50000,6840900,40471,37568
7,OPERATION,WS,postgres,100,REGIONAL,900,1000,1252.30,50000,6843200,38185,35627
7,OPERATION,WS,postgres,100,INTERCONTINENTAL,1000,2000,2023.33,50000,6866900,40350,37534
7,DELTA,WS,postgres,100,LOCAL,0,0,299.32,50000,5503496,40668,37834
7,DELTA,WS,postgres,100,REGIONAL,900,1000,1255.68,50000,5347787,40014,37142
7,DELTA,WS,postgres,100,INTERCONTINENTAL,1000,2000,2058.12,50000,5404688,40358,37464
7,STATE,WS,postgres,300,LOCAL,0,0,2388.49,450000,117097966,122266,113262
7,STATE,WS,postgres,300,REGIONAL,900,1000,3510.39,450000,115393637,122061,113009
7,STATE,WS,postgres,300,INTERCONTINENTAL,1000,2000,3774.25,450000,118017180,124347,115159
7,OPERATION,WS,postgres,300,LOCAL,0,0,2025.00,450000,62657100,124266,115048
7,OPERATION,WS,postgres,300,REGIONAL,900,1000,3168.57,450000,62781000,125853,116452
7,OPERATION,WS,postgres,300,INTERCONTINENTAL,1000,2000,3481.05,450000,62539200,122708,113623
7,DELTA,WS,postgres,300,LOCAL,0,0,2002.82,450000,50430588,123951,114854
7,DELTA,WS,postgres,300,REGIONAL,900,1000,3297.81,450000,50121264,125608,116094
7,DELTA,WS,postgres,300,INTERCONTINENTAL,1000,2000,3486.63,450000,49587562,124037,114629
7,STATE,TCP_RAW,postgres,1,LOCAL,0,0,53.58,5,1252,417,390
7,STATE,TCP_RAW,postgres,1,REGIONAL,900,1000,1002.63,5,1363,417,390
7,STATE,TCP_RAW,postgres,1,INTERCONTINENTAL,1000,2000,1581.61,5,1142,307,289
7,OPERATION,TCP_RAW,postgres,1,LOCAL,0,0,53.51,5,644,307,289
7,OPERATION,TCP_RAW,postgres,1,REGIONAL,900,1000,965.79,5,620,197,188
7,OPERATION,TCP_RAW,postgres,1,INTERCONTINENTAL,1000,2000,1939.67,5,692,528,483
7,DELTA,TCP_RAW,postgres,1,LOCAL,0,0,52.15,5,576,417,390
7,DELTA,TCP_RAW,postgres,1,REGIONAL,900,1000,1010.46,5,553,417,390
7,DELTA,TCP_RAW,postgres,1,INTERCONTINENTAL,1000,2000,1650.01,5,575,306,297
7,STATE,TCP_RAW,postgres,100,LOCAL,0,0,239.23,50000,13094050,40904,38005
7,STATE,TCP_RAW,postgres,100,REGIONAL,900,1000,1147.13,50000,12234950,38649,36017
7,STATE,TCP_RAW,postgres,100,INTERCONTINENTAL,1000,2000,2105.72,50000,13298935,42494,39374
7,OPERATION,TCP_RAW,postgres,100,LOCAL,0,0,204.29,50000,6820800,39115,36361
7,OPERATION,TCP_RAW,postgres,100,REGIONAL,900,1000,1172.01,50000,6870400,41152,38215
7,OPERATION,TCP_RAW,postgres,100,INTERCONTINENTAL,1000,2000,2103.69,50000,6848800,38652,36045
7,DELTA,TCP_RAW,postgres,100,LOCAL,0,0,150.93,50000,5442587,40799,37861
7,DELTA,TCP_RAW,postgres,100,REGIONAL,900,1000,1126.59,50000,5453204,39206,36572
7,DELTA,TCP_RAW,postgres,100,INTERCONTINENTAL,1000,2000,2081.23,50000,5517003,39769,37076
7,STATE,TCP_RAW,postgres,300,LOCAL,0,0,1724.98,450000,116453263,123243,114180
7,STATE,TCP_RAW,postgres,300,REGIONAL,900,1000,2598.52,450000,118615317,125503,115976
7,STATE,TCP_RAW,postgres,300,INTERCONTINENTAL,1000,2000,2750.28,450000,117095883,122836,113759
7,OPERATION,TCP_RAW,postgres,300,LOCAL,0,0,1246.05,450000,62431800,120176,111527
7,OPERATION,TCP_RAW,postgres,300,REGIONAL,900,1000,2332.80,450000,62553000,124438,115081
7,OPERATION,TCP_RAW,postgres,300,INTERCONTINENTAL,1000,2000,2499.75,450000,62575200,124026,114673
7,DELTA,TCP_RAW,postgres,300,LOCAL,0,0,1282.99,450000,49901977,123320,114147
7,DELTA,TCP_RAW,postgres,300,REGIONAL,900,1000,2281.34,450000,49212881,121095,112140
7,DELTA,TCP_RAW,postgres,300,INTERCONTINENTAL,1000,2000,2467.75,450000,49997379,123565,114379
7,STATE,GRPC,postgres,1,LOCAL,0,0,51.22,5,1474,417,390
7,STATE,GRPC,postgres,1,REGIONAL,900,1000,1000.71,5,1363,417,390
7,STATE,GRPC,postgres,1,INTERCONTINENTAL,1000,2000,1637.51,5,591,197,188
7,OPERATION,GRPC,postgres,1,LOCAL,0,0,53.50,5,691,417,390
7,OPERATION,GRPC,postgres,1,REGIONAL,900,1000,998.18,5,644,307,289
7,OPERATION,GRPC,postgres,1,INTERCONTINENTAL,1000,2000,1970.56,5,691,417,390
7,DELTA,GRPC,postgres,1,LOCAL,0,0,56.10,5,576,417,390
7,DELTA,GRPC,postgres,1,REGIONAL,900,1000,995.34,5,552,306,297
7,DELTA,GRPC,postgres,1,INTERCONTINENTAL,1000,2000,1965.81,5,577,528,483
7,STATE,GRPC,postgres,100,LOCAL,0,0,637.52,50000,12766458,40570,37734
7,STATE,GRPC,postgres,100,REGIONAL,900,1000,1581.93,50000,13174141,41586,38587
7,STATE,GRPC,postgres,100,INTERCONTINENTAL,1000,2000,2019.49,50000,12619957,40124,37356
7,OPERATION,GRPC,postgres,100,LOCAL,0,0,526.27,50000,6851900,39669,36887
7,OPERATION,GRPC,postgres,100,REGIONAL,900,1000,1548.52,50000,6837300,39214,36529
7,OPERATION,GRPC,postgres,100,INTERCONTINENTAL,1000,2000,2018.50,50000,6867400,41132,38221
7,DELTA,GRPC,postgres,100,LOCAL,0,0,578.13,50000,5570386,42159,39086
7,DELTA,GRPC,postgres,100,REGIONAL,900,1000,1490.82,50000,5460196,40127,37329
7,DELTA,GRPC,postgres,100,INTERCONTINENTAL,1000,2000,2029.27,50000,5558297,40911,38054
7,STATE,GRPC,postgres,300,LOCAL,0,0,7896.88,450000,117154333,123666,114415
7,STATE,GRPC,postgres,300,REGIONAL,900,1000,8931.15,450000,116820443,123995,114790
7,STATE,GRPC,postgres,300,INTERCONTINENTAL,1000,2000,9533.81,450000,117877664,123919,114694
7,OPERATION,GRPC,postgres,300,LOCAL,0,0,6012.10,450000,62542800,122853,113719
7,OPERATION,GRPC,postgres,300,REGIONAL,900,1000,7964.16,450000,62656800,124283,114982
7,OPERATION,GRPC,postgres,300,INTERCONTINENTAL,1000,2000,8683.56,450000,62663400,127119,117421
7,DELTA,GRPC,postgres,300,LOCAL,0,0,5712.55,450000,49588483,122059,113052
7,DELTA,GRPC,postgres,300,REGIONAL,900,1000,7223.36,450000,50002478,123530,114351
7,DELTA,GRPC,postgres,300,INTERCONTINENTAL,1000,2000,7949.36,450000,49901062,125161,115659
7,STATE,WT,postgres,1,LOCAL,0,0,52.72,5,1474,417,390
7,STATE,WT,postgres,1,REGIONAL,900,1000,1007.23,5,1252,417,390
7,STATE,WT,postgres,1,INTERCONTINENTAL,1000,2000,1579.85,5,1474,417,390
7,OPERATION,WT,postgres,1,LOCAL,0,0,52.29,5,692,528,483
7,OPERATION,WT,postgres,1,REGIONAL,900,1000,1013.90,5,692,528,483
7,OPERATION,WT,postgres,1,INTERCONTINENTAL,1000,2000,1968.73,5,691,417,390
7,DELTA,WT,postgres,1,LOCAL,0,0,52.47,5,577,528,483
7,DELTA,WT,postgres,1,REGIONAL,900,1000,1011.76,5,444,307,289
7,DELTA,WT,postgres,1,INTERCONTINENTAL,1000,2000,1885.63,5,576,417,390
7,STATE,WT,postgres,100,LOCAL,0,0,628.64,50000,13038662,41022,38121
7,STATE,WT,postgres,100,REGIONAL,900,1000,1562.76,50000,12482050,39549,36818
7,STATE,WT,postgres,100,INTERCONTINENTAL,1000,2000,2054.13,50000,12855647,40672,37797
7,OPERATION,WT,postgres,100,LOCAL,0,0,482.94,50000,6867000,41132,38166
7,OPERATION,WT,postgres,100,REGIONAL,900,1000,1454.00,50000,6839600,39430,36713
7,OPERATION,WT,postgres,100,INTERCONTINENTAL,1000,2000,2033.88,50000,6860700,38760,36164
7,DELTA,WT,postgres,100,LOCAL,0,0,475.04,50000,5479301,39652,36954
7,DELTA,WT,postgres,100,REGIONAL,900,1000,1488.93,50000,5505492,41020,38111
7,DELTA,WT,postgres,100,INTERCONTINENTAL,1000,2000,2067.76,50000,5444886,41032,38061
7,STATE,WT,postgres,300,LOCAL,0,0,4649.31,450000,115672939,121988,112918
7,STATE,WT,postgres,300,REGIONAL,900,1000,5611.14,450000,118231931,124483,115106
7,STATE,WT,postgres,300,INTERCONTINENTAL,1000,2000,6053.63,450000,117540169,123752,114688
7,OPERATION,WT,postgres,300,LOCAL,0,0,3987.82,450000,62599500,123132,113987
7,OPERATION,WT,postgres,300,REGIONAL,900,1000,5134.61,450000,62544900,123231,114138
7,OPERATION,WT,postgres,300,INTERCONTINENTAL,1000,2000,5239.79,450000,62607000,124730,115282
7,DELTA,WT,postgres,300,LOCAL,0,0,3792.96,450000,49311289,120688,111869
7,DELTA,WT,postgres,300,REGIONAL,900,1000,5106.69,450000,50042380,123590,114455
7,DELTA,WT,postgres,300,INTERCONTINENTAL,1000,2000,5473.52,450000,49892067,124344,114979
8,STATE,WS,postgres,1,LOCAL,0,0,51.27,5,1474,417,390
8,STATE,WS,postgres,1,REGIONAL,900,1000,1012.85,5,1363,417,390
8,STATE,WS,postgres,1,INTERCONTINENTAL,1000,2000,1600.57,5,1252,417,390
8,OPERATION,WS,postgres,1,LOCAL,0,0,51.53,5,691,417,390
8,OPERATION,WS,postgres,1,REGIONAL,900,1000,1008.44,5,691,417,390
8,OPERATION,WS,postgres,1,INTERCONTINENTAL,1000,2000,1946.03,5,667,306,297
8,DELTA,WS,postgres,1,LOCAL,0,0,51.66,5,576,417,390
8,DELTA,WS,postgres,1,REGIONAL,900,1000,995.42,5,335,197,188
8,DELTA,WS,postgres,1,INTERCONTINENTAL,1000,2000,1590.91,5,443,196,196
8,STATE,WS,postgres,100,LOCAL,0,0,335.88,50000,12902545,40453,37614
8,STATE,WS,postgres,100,REGIONAL,900,1000,1276.67,50000,12732952,39889,37090
8,STATE,WS,postgres,100,INTERCONTINENTAL,1000,2000,2040.08,50000,12263963,38300,35710
8,OPERATION,WS,postgres,100,LOCAL,0,0,319.03,50000,6835000,39679,36881
8,OPERATION,WS,postgres,100,REGIONAL,900,1000,1247.67,50000,6810100,38634,36063
8,OPERATION,WS,postgres,100,INTERCONTINENTAL,1000,2000,2054.08,50000,6841600,38983,36367
8,DELTA,WS,postgres,100,LOCAL,0,0,308.70,50000,5439193,40341,37501
8,DELTA,WS,postgres,100,REGIONAL,900,1000,1208.77,50000,5491889,41017,38083
8,DELTA,WS,postgres,100,INTERCONTINENTAL,1000,2000,2051.89,50000,5494289,41246,38287
8,STATE,WS,postgres,300,LOCAL,0,0,2203.42,450000,115439557,121206,112242
8,STATE,WS,postgres,300,REGIONAL,900,1000,3322.66,450000,115109867,119746,111049
8,STATE,WS,postgres,300,INTERCONTINENTAL,1000,2000,3782.03,450000,117427063,123546,114445
8,OPERATION,WS,postgres,300,LOCAL,0,0,2089.36,450000,62681400,125963,116431
8,OPERATION,WS,postgres,300,REGIONAL,900,1000,3221.20,450000,62658900,124816,115468
8,OPERATION,WS,postgres,300,INTERCONTINENTAL,1000,2000,3494.46,450000,62769300,124860,115468
8,DELTA,WS,postgres,300,LOCAL,0,0,2171.68,450000,49955368,124587,115199
8,DELTA,WS,postgres,300,REGIONAL,900,1000,3258.38,450000,50347469,125811,116338
8,DELTA,WS,postgres,300,INTERCONTINENTAL,1000,2000,3511.01,450000,50203784,123771,114624
8,STATE,TCP_RAW,postgres,1,LOCAL,0,0,51.28,5,1363,417,390
8,STATE,TCP_RAW,postgres,1,REGIONAL,900,1000,991.99,5,1585,528,483
8,STATE,TCP_RAW,postgres,1,INTERCONTINENTAL,1000,2000,1591.85,5,1031,307,289
8,OPERATION,TCP_RAW,postgres,1,LOCAL,0,0,54.43,5,691,417,390
8,OPERATION,TCP_RAW,postgres,1,REGIONAL,900,1000,1037.81,5,667,306,297
8,OPERATION,TCP_RAW,postgres,1,INTERCONTINENTAL,1000,2000,1965.16,5,667,306,297
8,DELTA,TCP_RAW,postgres,1,LOCAL,0,0,55.80,5,335,197,188
8,DELTA,TCP_RAW,postgres,1,REGIONAL,900,1000,1010.37,5,577,528,483
8,DELTA,TCP_RAW,postgres,1,INTERCONTINENTAL,1000,2000,1936.97,5,553,417,390
8,STATE,TCP_RAW,postgres,100,LOCAL,0,0,281.88,50000,13003853,40905,37995
8,STATE,TCP_RAW,postgres,100,REGIONAL,900,1000,1177.79,50000,13005936,41027,38048
8,STATE,TCP_RAW,postgres,100,INTERCONTINENTAL,1000,2000,2095.91,50000,12577637,40014,37227
8,OPERATION,TCP_RAW,postgres,100,LOCAL,0,0,221.21,50000,6866300,40335,37469
8,OPERATION,TCP_RAW,postgres,100,REGIONAL,900,1000,1125.20,50000,6854900,40225,37455
8,OPERATION,TCP_RAW,postgres,100,INTERCONTINENTAL,1000,2000,2108.39,50000,6837800,40353,37450
8,DELTA,TCP_RAW,postgres,100,LOCAL,0,0,153.06,50000,5447082,41476,38430
8,DELTA,TCP_RAW,postgres,100,REGIONAL,900,1000,1152.00,50000,5422393,39993,37189
8,DELTA,TCP_RAW,postgres,100,INTERCONTINENTAL,1000,2000,2093.12,50000,5373504,38427,35858
8,STATE,TCP_RAW,postgres,300,LOCAL,0,0,1602.85,450000,114988353,120761,111902
8,STATE,TCP_RAW,postgres,300,REGIONAL,900,1000,2616.18,450000,114843755,120767,111902
8,STATE,TCP_RAW,postgres,300,INTERCONTINENTAL,1000,2000,2772.79,450000,117528723,125397,115980
8,OPERATION,TCP_RAW,postgres,300,LOCAL,0,0,1290.78,450000,62585400,121958,112961
8,OPERATION,TCP_RAW,postgres,300,REGIONAL,900,1000,2299.17,450000,62583900,123448,114317
8,OPERATION,TCP_RAW,postgres,300,INTERCONTINENTAL,1000,2000,3041.14,450000,62687100,126215,116688
8,DELTA,TCP_RAW,postgres,300,LOCAL,0,0,1682.57,450000,49678496,120975,112226
8,DELTA,TCP_RAW,postgres,300,REGIONAL,900,1000,3219.32,450000,50098473,124493,115159
8,DELTA,TCP_RAW,postgres,300,INTERCONTINENTAL,1000,2000,2910.97,450000,49927188,122640,113637
8,STATE,GRPC,postgres,1,LOCAL,0,0,51.42,5,1253,307,289
8,STATE,GRPC,postgres,1,REGIONAL,900,1000,1006.68,5,1585,528,483
8,STATE,GRPC,postgres,1,INTERCONTINENTAL,1000,2000,1615.46,5,1252,417,390
8,OPERATION,GRPC,postgres,1,LOCAL,0,0,51.75,5,692,528,483
8,OPERATION,GRPC,postgres,1,REGIONAL,900,1000,1000.62,5,667,306,297
8,OPERATION,GRPC,postgres,1,INTERCONTINENTAL,1000,2000,1953.21,5,691,417,390
8,DELTA,GRPC,postgres,1,LOCAL,0,0,50.80,5,577,528,483
8,DELTA,GRPC,postgres,1,REGIONAL,900,1000,1009.68,5,576,417,390
8,DELTA,GRPC,postgres,1,INTERCONTINENTAL,1000,2000,1950.82,5,577,528,483
8,STATE,GRPC,postgres,100,LOCAL,0,0,702.48,50000,12787843,40674,37808
8,STATE,GRPC,postgres,100,REGIONAL,900,1000,1588.87,50000,13205148,41571,38637
8,STATE,GRPC,postgres,100,INTERCONTINENTAL,1000,2000,2041.38,50000,13627725,43506,40234
8,OPERATION,GRPC,postgres,100,LOCAL,0,0,526.34,50000,6809700,38634,36008
8,OPERATION,GRPC,postgres,100,REGIONAL,900,1000,1506.98,50000,6840500,40567,37679
8,OPERATION,GRPC,postgres,100,INTERCONTINENTAL,1000,2000,2038.94,50000,6841700,39772,37022
8,DELTA,GRPC,postgres,100,LOCAL,0,0,572.69,50000,5382690,39874,37056
8,DELTA,GRPC,postgres,100,REGIONAL,900,1000,1526.40,50000,5481998,39994,37235
8,DELTA,GRPC,postgres,100,INTERCONTINENTAL,1000,2000,2035.85,50000,5345791,39668,36867
8,STATE,GRPC,postgres,300,LOCAL,0,0,7582.33,450000,114148036,121248,112379
8,STATE,GRPC,postgres,300,REGIONAL,900,1000,8936.29,450000,118378621,125514,116052
8,STATE,GRPC,postgres,300,INTERCONTINENTAL,1000,2000,9606.63,450000,116614318,123905,114590
8,OPERATION,GRPC,postgres,300,LOCAL,0,0,6052.24,450000,62659200,123820,114638
8,OPERATION,GRPC,postgres,300,REGIONAL,900,1000,7915.78,450000,62698800,125515,116127
8,OPERATION,GRPC,postgres,300,INTERCONTINENTAL,1000,2000,8582.72,450000,62627700,123570,114392
8,DELTA,GRPC,postgres,300,LOCAL,0,0,5569.54,450000,49927489,122255,113316
8,DELTA,GRPC,postgres,300,REGIONAL,900,1000,7086.40,450000,50095786,123317,114228
8,DELTA,GRPC,postgres,300,INTERCONTINENTAL,1000,2000,7797.07,450000,49898681,123004,113892
8,STATE,WT,postgres,1,LOCAL,0,0,51.62,5,1585,528,483
8,STATE,WT,postgres,1,REGIONAL,900,1000,1001.91,5,1363,417,390
8,STATE,WT,postgres,1,INTERCONTINENTAL,1000,2000,1578.66,5,1252,306,297
8,OPERATION,WT,postgres,1,LOCAL,0,0,52.24,5,644,307,289
8,OPERATION,WT,postgres,1,REGIONAL,900,1000,1003.89,5,667,306,297
8,OPERATION,WT,postgres,1,INTERCONTINENTAL,1000,2000,1946.93,5,690,307,289
8,DELTA,WT,postgres,1,LOCAL,0,0,55.53,5,553,417,390
8,DELTA,WT,postgres,1,REGIONAL,900,1000,1009.28,5,444,307,289
8,DELTA,WT,postgres,1,INTERCONTINENTAL,1000,2000,1952.39,5,577,528,483
8,STATE,WT,postgres,100,LOCAL,0,0,625.32,50000,12871141,40687,37775
8,STATE,WT,postgres,100,REGIONAL,900,1000,1558.00,50000,12947738,41470,38455
8,STATE,WT,postgres,100,INTERCONTINENTAL,1000,2000,2020.44,50000,12569073,39543,36871
8,OPERATION,WT,postgres,100,LOCAL,0,0,478.18,50000,6824500,38755,36123
8,OPERATION,WT,postgres,100,REGIONAL,900,1000,1468.29,50000,6847600,40121,37328
8,OPERATION,WT,postgres,100,INTERCONTINENTAL,1000,2000,2075.32,50000,6847800,40685,37822
8,DELTA,WT,postgres,100,LOCAL,0,0,481.85,50000,5475198,40003,37239
8,DELTA,WT,postgres,100,REGIONAL,900,1000,1464.61,50000,5465783,41487,38444
8,DELTA,WT,postgres,100,INTERCONTINENTAL,1000,2000,2054.04,50000,5397487,40344,37446
8,STATE,WT,postgres,300,LOCAL,0,0,4591.24,450000,119659363,125421,116031
8,STATE,WT,postgres,300,REGIONAL,900,1000,5941.99,450000,118339340,124242,114893
8,STATE,WT,postgres,300,INTERCONTINENTAL,1000,2000,5953.34,450000,115508580,120777,112085
8,OPERATION,WT,postgres,300,LOCAL,0,0,4057.84,450000,62691900,124513,115180
8,OPERATION,WT,postgres,300,REGIONAL,900,1000,5075.03,450000,62244300,117789,109454
8,OPERATION,WT,postgres,300,INTERCONTINENTAL,1000,2000,5282.12,450000,62395200,120656,111723
8,DELTA,WT,postgres,300,LOCAL,0,0,3980.07,450000,49881292,122041,113143
8,DELTA,WT,postgres,300,REGIONAL,900,1000,4966.90,450000,49532973,122845,113676
8,DELTA,WT,postgres,300,INTERCONTINENTAL,1000,2000,5166.27,450000,49613985,121822,112867
9,STATE,WS,postgres,1,LOCAL,0,0,50.75,5,1585,528,483
9,STATE,WS,postgres,1,REGIONAL,900,1000,1012.07,5,1585,528,483
9,STATE,WS,postgres,1,INTERCONTINENTAL,1000,2000,1631.65,5,1141,417,390
9,OPERATION,WS,postgres,1,LOCAL,0,0,53.08,5,667,306,297
9,OPERATION,WS,postgres,1,REGIONAL,900,1000,1012.80,5,668,417,390
9,OPERATION,WS,postgres,1,INTERCONTINENTAL,1000,2000,1599.39,5,596,87,87
9,DELTA,WS,postgres,1,LOCAL,0,0,52.10,5,553,417,390
9,DELTA,WS,postgres,1,REGIONAL,900,1000,1008.16,5,553,417,390
9,DELTA,WS,postgres,1,INTERCONTINENTAL,1000,2000,1851.19,5,576,417,390
9,STATE,WS,postgres,100,LOCAL,0,0,367.82,50000,13390436,42605,39469
9,STATE,WS,postgres,100,REGIONAL,900,1000,1270.51,50000,12710464,39900,37134
9,STATE,WS,postgres,100,INTERCONTINENTAL,1000,2000,2026.44,50000,12914045,40679,37761
9,OPERATION,WS,postgres,100,LOCAL,0,0,282.08,50000,6877000,41251,38270
9,OPERATION,WS,postgres,100,REGIONAL,900,1000,1221.80,50000,6850200,40353,37506
9,OPERATION,WS,postgres,100,INTERCONTINENTAL,1000,2000,2040.39,50000,6850700,41031,38069
9,DELTA,WS,postgres,100,LOCAL,0,0,321.58,50000,5487783,41707,38647
9,DELTA,WS,postgres,100,REGIONAL,900,1000,1217.90,50000,5474300,39549,36846
9,DELTA,WS,postgres,100,INTERCONTINENTAL,1000,2000,2033.20,50000,5426995,39896,37112
9,STATE,WS,postgres,300,LOCAL,0,0,2265.55,450000,118814237,125390,115933
9,STATE,WS,postgres,300,REGIONAL,900,1000,3398.35,450000,114586970,119964,111242
9,STATE,WS,postgres,300,INTERCONTINENTAL,1000,2000,3773.05,450000,115062157,120766,111982
9,OPERATION,WS,postgres,300,LOCAL,0,0,1927.25,450000,62636100,122485,113447
9,OPERATION,WS,postgres,300,REGIONAL,900,1000,3233.57,450000,62493300,121673,112778
9,OPERATION,WS,postgres,300,INTERCONTINENTAL,1000,2000,3473.50,450000,62659200,125825,116320
9,DELTA,WS,postgres,300,LOCAL,0,0,1871.27,450000,49828473,123425,114204
9,DELTA,WS,postgres,300,REGIONAL,900,1000,3289.93,450000,49876188,122542,113542
9,DELTA,WS,postgres,300,INTERCONTINENTAL,1000,2000,3462.32,450000,50345064,126554,116938
9,STATE,TCP_RAW,postgres,1,LOCAL,0,0,50.73,5,811,307,289
9,STATE,TCP_RAW,postgres,1,REGIONAL,900,1000,1009.94,5,1363,417,390
9,STATE,TCP_RAW,postgres,1,INTERCONTINENTAL,1000,2000,1645.03,5,811,307,289
9,OPERATION,TCP_RAW,postgres,1,LOCAL,0,0,53.19,5,668,417,390
9,OPERATION,TCP_RAW,postgres,1,REGIONAL,900,1000,1006.37,5,692,528,483
9,OPERATION,TCP_RAW,postgres,1,INTERCONTINENTAL,1000,2000,1982.97,5,644,307,289
9,DELTA,TCP_RAW,postgres,1,LOCAL,0,0,50.46,5,576,417,390
9,DELTA,TCP_RAW,postgres,1,REGIONAL,900,1000,1011.47,5,552,306,297
9,DELTA,TCP_RAW,postgres,1,INTERCONTINENTAL,1000,2000,1954.08,5,552,306,297
9,STATE,TCP_RAW,postgres,100,LOCAL,0,0,281.80,50000,12879349,41139,38186
9,STATE,TCP_RAW,postgres,100,REGIONAL,900,1000,1202.08,50000,13040984,40578,37780
9,STATE,TCP_RAW,postgres,100,INTERCONTINENTAL,1000,2000,2081.84,50000,12516164,39099,36445
9,OPERATION,TCP_RAW,postgres,100,LOCAL,0,0,216.27,50000,6842800,40233,37465
9,OPERATION,TCP_RAW,postgres,100,REGIONAL,900,1000,1164.71,50000,6816000,39901,37009
9,OPERATION,TCP_RAW,postgres,100,INTERCONTINENTAL,1000,2000,2104.82,50000,6904800,43057,39823
9,DELTA,TCP_RAW,postgres,100,LOCAL,0,0,181.50,50000,5574687,42036,38990
9,DELTA,TCP_RAW,postgres,100,REGIONAL,900,1000,1162.06,50000,5445694,40215,37401
9,DELTA,TCP_RAW,postgres,100,INTERCONTINENTAL,1000,2000,2097.12,50000,5373691,39900,37077
9,STATE,TCP_RAW,postgres,300,LOCAL,0,0,1576.01,450000,115714352,122023,113043
9,STATE,TCP_RAW,postgres,300,REGIONAL,900,1000,2632.98,450000,116173382,122634,113627
9,STATE,TCP_RAW,postgres,300,INTERCONTINENTAL,1000,2000,2735.25,450000,113964760,119974,111273
9,OPERATION,TCP_RAW,postgres,300,LOCAL,0,0,1258.76,450000,62693700,124806,115289
9,OPERATION,TCP_RAW,postgres,300,REGIONAL,900,1000,2289.38,450000,62624100,121835,112956
9,OPERATION,TCP_RAW,postgres,300,INTERCONTINENTAL,1000,2000,2558.68,450000,62517600,120771,112055
9,DELTA,TCP_RAW,postgres,300,LOCAL,0,0,1320.79,450000,49696790,121680,112804
9,DELTA,TCP_RAW,postgres,300,REGIONAL,900,1000,2395.69,450000,50308747,127499,117613
9,DELTA,TCP_RAW,postgres,300,INTERCONTINENTAL,1000,2000,2522.06,450000,49289682,121049,112125
9,STATE,GRPC,postgres,1,LOCAL,0,0,52.04,5,1585,528,483
9,STATE,GRPC,postgres,1,REGIONAL,900,1000,1010.26,5,1363,417,390
9,STATE,GRPC,postgres,1,INTERCONTINENTAL,1000,2000,1639.40,5,1252,417,390
9,OPERATION,GRPC,postgres,1,LOCAL,0,0,51.94,5,667,306,297
9,OPERATION,GRPC,postgres,1,REGIONAL,900,1000,1008.05,5,668,417,390
9,OPERATION,GRPC,postgres,1,INTERCONTINENTAL,1000,2000,1949.15,5,668,417,390
9,DELTA,GRPC,postgres,1,LOCAL,0,0,52.00,5,552,306,297
9,DELTA,GRPC,postgres,1,REGIONAL,900,1000,1004.87,5,467,307,289
9,DELTA,GRPC,postgres,1,INTERCONTINENTAL,1000,2000,1946.03,5,577,528,483
9,STATE,GRPC,postgres,100,LOCAL,0,0,693.89,50000,12982261,41018,38156
9,STATE,GRPC,postgres,100,REGIONAL,900,1000,1586.22,50000,13094558,41361,38456
9,STATE,GRPC,postgres,100,INTERCONTINENTAL,1000,2000,2012.89,50000,12756357,40124,37357
9,OPERATION,GRPC,postgres,100,LOCAL,0,0,582.04,50000,6861600,40006,37241
9,OPERATION,GRPC,postgres,100,REGIONAL,900,1000,1492.44,50000,6872000,40577,37701
9,OPERATION,GRPC,postgres,100,INTERCONTINENTAL,1000,2000,2046.76,50000,6855000,40678,37800
9,DELTA,GRPC,postgres,100,LOCAL,0,0,571.84,50000,5395193,39904,37095
9,DELTA,GRPC,postgres,100,REGIONAL,900,1000,1481.15,50000,5407098,39426,36720
9,DELTA,GRPC,postgres,100,INTERCONTINENTAL,1000,2000,2030.56,50000,5483497,39995,37228
9,STATE,GRPC,postgres,300,LOCAL,0,0,7863.21,450000,118296776,123400,114258
9,STATE,GRPC,postgres,300,REGIONAL,900,1000,8881.04,450000,116440652,122540,113462
9,STATE,GRPC,postgres,300,INTERCONTINENTAL,1000,2000,9937.70,450000,115940520,123080,113827
9,OPERATION,GRPC,postgres,300,LOCAL,0,0,6232.46,450000,62494500,123315,114164
9,OPERATION,GRPC,postgres,300,REGIONAL,900,1000,7812.62,450000,62662200,122384,113478
9,OPERATION,GRPC,postgres,300,INTERCONTINENTAL,1000,2000,8472.54,450000,62472000,120444,111751
9,DELTA,GRPC,postgres,300,LOCAL,0,0,5771.98,450000,49825493,121445,112627
9,DELTA,GRPC,postgres,300,REGIONAL,900,1000,7204.19,450000,49518305,119042,110558
9,DELTA,GRPC,postgres,300,INTERCONTINENTAL,1000,2000,7862.38,450000,49521268,123243,113962
9,STATE,WT,postgres,1,LOCAL,0,0,51.62,5,1585,528,483
9,STATE,WT,postgres,1,REGIONAL,900,1000,995.49,5,1474,417,390
9,STATE,WT,postgres,1,INTERCONTINENTAL,1000,2000,1632.95,5,1141,417,390
9,OPERATION,WT,postgres,1,LOCAL,0,0,51.59,5,667,306,297
9,OPERATION,WT,postgres,1,REGIONAL,900,1000,1008.85,5,644,307,289
9,OPERATION,WT,postgres,1,INTERCONTINENTAL,1000,2000,1986.91,5,668,417,390
9,DELTA,WT,postgres,1,LOCAL,0,0,53.54,5,576,417,390
9,DELTA,WT,postgres,1,REGIONAL,900,1000,1048.13,5,577,528,483
9,DELTA,WT,postgres,1,INTERCONTINENTAL,1000,2000,1946.91,5,553,417,390
9,STATE,WT,postgres,100,LOCAL,0,0,653.43,50000,12709965,39219,36511
9,STATE,WT,postgres,100,REGIONAL,900,1000,1607.98,50000,12750562,39990,37217
9,STATE,WT,postgres,100,INTERCONTINENTAL,1000,2000,2029.03,50000,12996937,41477,38477
9,OPERATION,WT,postgres,100,LOCAL,0,0,481.07,50000,6854000,39323,36639
9,OPERATION,WT,postgres,100,REGIONAL,900,1000,1479.99,50000,6854700,40454,37603
9,OPERATION,WT,postgres,100,INTERCONTINENTAL,1000,2000,2057.77,50000,6859400,40015,37160
9,DELTA,WT,postgres,100,LOCAL,0,0,504.36,50000,5363205,38304,35760
9,DELTA,WT,postgres,100,REGIONAL,900,1000,1517.45,50000,5458484,41254,38243
9,DELTA,WT,postgres,100,INTERCONTINENTAL,1000,2000,2032.00,50000,5670283,43396,40191
9,STATE,WT,postgres,300,LOCAL,0,0,4948.51,450000,117375449,124183,114910
9,STATE,WT,postgres,300,REGIONAL,900,1000,5847.43,450000,117763679,123110,114026
9,STATE,WT,postgres,300,INTERCONTINENTAL,1000,2000,6071.88,450000,116923631,122359,113257
9,OPERATION,WT,postgres,300,LOCAL,0,0,3946.64,450000,62580600,122510,113521
9,OPERATION,WT,postgres,300,REGIONAL,900,1000,5360.42,450000,62743200,125859,116334
9,OPERATION,WT,postgres,300,INTERCONTINENTAL,1000,2000,5408.06,450000,62741100,124481,115154
9,DELTA,WT,postgres,300,LOCAL,0,0,4123.66,450000,50743748,129169,119164
9,DELTA,WT,postgres,300,REGIONAL,900,1000,5142.44,450000,50078662,125515,115984
9,DELTA,WT,postgres,300,INTERCONTINENTAL,1000,2000,5256.69,450000,49438188,120668,111850
10,STATE,WS,postgres,1,LOCAL,0,0,52.23,5,811,307,289
10,STATE,WS,postgres,1,REGIONAL,900,1000,1007.98,5,1474,417,390
10,STATE,WS,postgres,1,INTERCONTINENTAL,1000,2000,1636.38,5,1030,306,297
10,OPERATION,WS,postgres,1,LOCAL,0,0,51.61,5,691,417,390
10,OPERATION,WS,postgres,1,REGIONAL,900,1000,1011.86,5,692,528,483
10,OPERATION,WS,postgres,1,INTERCONTINENTAL,1000,2000,1981.19,5,692,528,483
10,DELTA,WS,postgres,1,LOCAL,0,0,51.60,5,576,417,390
10,DELTA,WS,postgres,1,REGIONAL,900,1000,1005.59,5,444,307,289
10,DELTA,WS,postgres,1,INTERCONTINENTAL,1000,2000,1973.83,5,553,417,390
10,STATE,WS,postgres,100,LOCAL,0,0,388.49,50000,12801556,40350,37507
10,STATE,WS,postgres,100,REGIONAL,900,1000,1325.75,50000,12807078,39991,37261
10,STATE,WS,postgres,100,INTERCONTINENTAL,1000,2000,2050.81,50000,12813765,40692,37814
10,OPERATION,WS,postgres,100,LOCAL,0,0,291.44,50000,6820000,38986,36312
10,OPERATION,WS,postgres,100,REGIONAL,900,1000,1282.23,50000,6899000,41703,38683
10,OPERATION,WS,postgres,100,INTERCONTINENTAL,1000,2000,2032.79,50000,6871500,40451,37603
10,DELTA,WS,postgres,100,LOCAL,0,0,246.39,50000,5420794,39888,37101
10,DELTA,WS,postgres,100,REGIONAL,900,1000,1229.62,50000,5516094,40792,37920
10,DELTA,WS,postgres,100,INTERCONTINENTAL,1000,2000,2039.02,50000,5385695,39670,36907
10,STATE,WS,postgres,300,LOCAL,0,0,2271.20,450000,117786738,124841,115527
10,STATE,WS,postgres,300,REGIONAL,900,1000,3378.29,450000,117655377,124005,114846
10,STATE,WS,postgres,300,INTERCONTINENTAL,1000,2000,3711.24,450000,115674725,121984,112900
10,OPERATION,WS,postgres,300,LOCAL,0,0,2303.84,450000,62576700,120759,112077
10,OPERATION,WS,postgres,300,REGIONAL,900,1000,3126.03,450000,62695800,124242,115010
10,OPERATION,WS,postgres,300,INTERCONTINENTAL,1000,2000,3782.66,450000,62692500,124130,114833
10,DELTA,WS,postgres,300,LOCAL,0,0,2189.01,450000,50322272,125419,115985
10,DELTA,WS,postgres,300,REGIONAL,900,1000,3489.13,450000,50258971,125140,115744
10,DELTA,WS,postgres,300,INTERCONTINENTAL,1000,2000,3531.65,450000,50237078,124473,115195
10,STATE,TCP_RAW,postgres,1,LOCAL,0,0,51.75,5,1585,528,483
10,STATE,TCP_RAW,postgres,1,REGIONAL,900,1000,972.60,5,811,307,289
10,STATE,TCP_RAW,postgres,1,INTERCONTINENTAL,1000,2000,1638.78,5,1141,417,390
10,OPERATION,TCP_RAW,postgres,1,LOCAL,0,0,51.03,5,691,417,390
10,OPERATION,TCP_RAW,postgres,1,REGIONAL,900,1000,1023.34,5,691,417,390
10,OPERATION,TCP_RAW,postgres,1,INTERCONTINENTAL,1000,2000,1968.99,5,668,417,390
10,DELTA,TCP_RAW,postgres,1,LOCAL,0,0,51.04,5,443,196,196
10,DELTA,TCP_RAW,postgres,1,REGIONAL,900,1000,969.99,5,552,306,297
10,DELTA,TCP_RAW,postgres,1,INTERCONTINENTAL,1000,2000,1943.44,5,552,306,297
10,STATE,TCP_RAW,postgres,100,LOCAL,0,0,301.35,50000,12868043,41241,38276
10,STATE,TCP_RAW,postgres,100,REGIONAL,900,1000,1177.74,50000,13287155,42038,38971
10,STATE,TCP_RAW,postgres,100,INTERCONTINENTAL,1000,2000,2054.27,50000,13062254,41477,38508
10,OPERATION,TCP_RAW,postgres,100,LOCAL,0,0,184.93,50000,6889000,41353,38415
10,OPERATION,TCP_RAW,postgres,100,REGIONAL,900,1000,1173.50,50000,6842400,39343,36632
10,OPERATION,TCP_RAW,postgres,100,INTERCONTINENTAL,1000,2000,2108.30,50000,6889600,42042,38990
10,DELTA,TCP_RAW,postgres,100,LOCAL,0,0,208.44,50000,5442787,40805,37863
10,DELTA,TCP_RAW,postgres,100,REGIONAL,900,1000,1162.05,50000,5418299,39437,36733
10,DELTA,TCP_RAW,postgres,100,INTERCONTINENTAL,1000,2000,2075.11,50000,5363900,38746,36118
10,STATE,TCP_RAW,postgres,300,LOCAL,0,0,1763.11,450000,117065593,122160,113222
10,STATE,TCP_RAW,postgres,300,REGIONAL,900,1000,2625.44,450000,116070147,122964,113905
10,STATE,TCP_RAW,postgres,300,INTERCONTINENTAL,1000,2000,2718.79,450000,115185123,121254,112350
10,OPERATION,TCP_RAW,postgres,300,LOCAL,0,0,1354.64,450000,62625900,123327,114227
10,OPERATION,TCP_RAW,postgres,300,REGIONAL,900,1000,2341.88,450000,62546400,123870,114689
10,OPERATION,TCP_RAW,postgres,300,INTERCONTINENTAL,1000,2000,2534.64,450000,62531700,121905,113136
10,DELTA,TCP_RAW,postgres,300,LOCAL,0,0,1266.18,450000,49560583,121800,112831
10,DELTA,TCP_RAW,postgres,300,REGIONAL,900,1000,2284.11,450000,50151903,121620,112857
10,DELTA,TCP_RAW,postgres,300,INTERCONTINENTAL,1000,2000,2540.25,450000,50025864,125156,115681
10,STATE,GRPC,postgres,1,LOCAL,0,0,52.04,5,1141,417,390
10,STATE,GRPC,postgres,1,REGIONAL,900,1000,1004.99,5,920,196,196
10,STATE,GRPC,postgres,1,INTERCONTINENTAL,1000,2000,1587.36,5,920,196,196
10,OPERATION,GRPC,postgres,1,LOCAL,0,0,52.89,5,691,417,390
10,OPERATION,GRPC,postgres,1,REGIONAL,900,1000,1012.27,5,667,306,297
10,OPERATION,GRPC,postgres,1,INTERCONTINENTAL,1000,2000,1894.04,5,690,307,289
10,DELTA,GRPC,postgres,1,LOCAL,0,0,51.45,5,552,306,297
10,DELTA,GRPC,postgres,1,REGIONAL,900,1000,1030.40,5,577,528,483
10,DELTA,GRPC,postgres,1,INTERCONTINENTAL,1000,2000,1869.64,5,552,306,297
10,STATE,GRPC,postgres,100,LOCAL,0,0,635.26,50000,13036456,40898,38031
10,STATE,GRPC,postgres,100,REGIONAL,900,1000,1589.85,50000,12412560,38634,36008
10,STATE,GRPC,postgres,100,INTERCONTINENTAL,1000,2000,2027.30,50000,13105354,41253,38282
10,OPERATION,GRPC,postgres,100,LOCAL,0,0,579.22,50000,6847500,40693,37749
10,OPERATION,GRPC,postgres,100,REGIONAL,900,1000,1566.79,50000,6868800,40102,37385
10,OPERATION,GRPC,postgres,100,INTERCONTINENTAL,1000,2000,2026.81,50000,6840300,39465,36709
10,DELTA,GRPC,postgres,100,LOCAL,0,0,573.89,50000,5472585,41375,38363
10,DELTA,GRPC,postgres,100,REGIONAL,900,1000,1603.36,50000,5452198,39768,37028
10,DELTA,GRPC,postgres,100,INTERCONTINENTAL,1000,2000,2036.19,50000,5525289,41371,38396
10,STATE,GRPC,postgres,300,LOCAL,0,0,7782.72,450000,115988860,121911,112923
10,STATE,GRPC,postgres,300,REGIONAL,900,1000,8789.39,450000,117791006,122537,113553
10,STATE,GRPC,postgres,300,INTERCONTINENTAL,1000,2000,10138.07,450000,116566647,122508,113500
10,OPERATION,GRPC,postgres,300,LOCAL,0,0,6308.61,450000,62690400,125641,116195
10,OPERATION,GRPC,postgres,300,REGIONAL,900,1000,7668.46,450000,62354700,118669,110240
10,OPERATION,GRPC,postgres,300,INTERCONTINENTAL,1000,2000,8520.82,450000,62617500,123303,114190
10,DELTA,GRPC,postgres,300,LOCAL,0,0,6071.63,450000,50173477,124498,115202
10,DELTA,GRPC,postgres,300,REGIONAL,900,1000,7183.30,450000,49792192,121479,112626
10,DELTA,GRPC,postgres,300,INTERCONTINENTAL,1000,2000,7916.10,450000,49377293,120071,111373
10,STATE,WT,postgres,1,LOCAL,0,0,52.21,5,1253,307,289
10,STATE,WT,postgres,1,REGIONAL,900,1000,1011.66,5,1585,528,483
10,STATE,WT,postgres,1,INTERCONTINENTAL,1000,2000,1642.46,5,811,307,289
10,OPERATION,WT,postgres,1,LOCAL,0,0,50.83,5,692,528,483
10,OPERATION,WT,postgres,1,REGIONAL,900,1000,1006.93,5,692,528,483
10,OPERATION,WT,postgres,1,INTERCONTINENTAL,1000,2000,1939.22,5,668,417,390
10,DELTA,WT,postgres,1,LOCAL,0,0,53.66,5,553,417,390
10,DELTA,WT,postgres,1,REGIONAL,900,1000,1042.83,5,553,417,390
10,DELTA,WT,postgres,1,INTERCONTINENTAL,1000,2000,1652.42,5,335,197,188
10,STATE,WT,postgres,100,LOCAL,0,0,642.12,50000,12390742,39434,36731
10,STATE,WT,postgres,100,REGIONAL,900,1000,1585.64,50000,13198750,41703,38712
10,STATE,WT,postgres,100,INTERCONTINENTAL,1000,2000,2070.65,50000,12459149,39434,36674
10,OPERATION,WT,postgres,100,LOCAL,0,0,509.29,50000,6843800,38979,36347
10,OPERATION,WT,postgres,100,REGIONAL,900,1000,1488.96,50000,6931200,42946,39761
10,OPERATION,WT,postgres,100,INTERCONTINENTAL,1000,2000,2023.62,50000,6854400,40216,37393
10,DELTA,WT,postgres,100,LOCAL,0,0,479.39,50000,5497397,40468,37647
10,DELTA,WT,postgres,100,REGIONAL,900,1000,1478.93,50000,5341411,37513,35095
10,DELTA,WT,postgres,100,INTERCONTINENTAL,1000,2000,2053.26,50000,5363088,39894,37043
10,STATE,WT,postgres,300,LOCAL,0,0,4804.83,450000,118438971,123221,114121
10,STATE,WT,postgres,300,REGIONAL,900,1000,5965.16,450000,115337295,119856,111145
10,STATE,WT,postgres,300,INTERCONTINENTAL,1000,2000,5829.54,450000,115504953,121489,112589
10,OPERATION,WT,postgres,300,LOCAL,0,0,4008.13,450000,62612400,123223,114068
10,OPERATION,WT,postgres,300,REGIONAL,900,1000,5229.58,450000,62369400,121822,112834
10,OPERATION,WT,postgres,300,INTERCONTINENTAL,1000,2000,5436.98,450000,62656800,124878,115580
10,DELTA,WT,postgres,300,LOCAL,0,0,3832.05,450000,50423386,124078,114946
10,DELTA,WT,postgres,300,REGIONAL,900,1000,5112.78,450000,50093986,123329,114232
10,DELTA,WT,postgres,300,INTERCONTINENTAL,1000,2000,5336.54,450000,50324689,123781,114682
11,STATE,WS,postgres,1,LOCAL,0,0,51.48,5,1474,417,390
11,STATE,WS,postgres,1,REGIONAL,900,1000,1008.03,5,1585,528,483
11,STATE,WS,postgres,1,INTERCONTINENTAL,1000,2000,1598.14,5,1474,417,390
11,OPERATION,WS,postgres,1,LOCAL,0,0,52.61,5,692,528,483
11,OPERATION,WS,postgres,1,REGIONAL,900,1000,1048.49,5,668,417,390
11,OPERATION,WS,postgres,1,INTERCONTINENTAL,1000,2000,1960.79,5,692,528,483
11,DELTA,WS,postgres,1,LOCAL,0,0,52.33,5,553,417,390
11,DELTA,WS,postgres,1,REGIONAL,900,1000,1042.84,5,552,306,297
11,DELTA,WS,postgres,1,INTERCONTINENTAL,1000,2000,1962.45,5,553,417,390
11,STATE,WS,postgres,100,LOCAL,0,0,400.12,50000,12538958,39665,36949
11,STATE,WS,postgres,100,REGIONAL,900,1000,1285.58,50000,12507941,39892,37064
11,STATE,WS,postgres,100,INTERCONTINENTAL,1000,2000,2039.37,50000,13365163,41807,38838
11,OPERATION,WS,postgres,100,LOCAL,0,0,281.11,50000,6833400,39906,37053
11,OPERATION,WS,postgres,100,REGIONAL,900,1000,1241.18,50000,6867500,41138,38168
11,OPERATION,WS,postgres,100,INTERCONTINENTAL,1000,2000,2030.24,50000,6848700,41372,38359
11,DELTA,WS,postgres,100,LOCAL,0,0,275.50,50000,5448595,40113,37313
11,DELTA,WS,postgres,100,REGIONAL,900,1000,1230.56,50000,5518584,42054,38970
11,DELTA,WS,postgres,100,INTERCONTINENTAL,1000,2000,2027.30,50000,5486898,39991,37234
11,STATE,WS,postgres,300,LOCAL,0,0,2264.49,450000,116131931,123647,114477
11,STATE,WS,postgres,300,REGIONAL,900,1000,3506.36,450000,120236821,127294,117512
11,STATE,WS,postgres,300,INTERCONTINENTAL,1000,2000,3814.13,450000,119002937,125027,115675
11,OPERATION,WS,postgres,300,LOCAL,0,0,2334.05,450000,62568900,123075,113974
11,OPERATION,WS,postgres,300,REGIONAL,900,1000,3167.00,450000,62867400,125917,116577
11,OPERATION,WS,postgres,300,INTERCONTINENTAL,1000,2000,3508.61,450000,62685300,122974,113963
11,DELTA,WS,postgres,300,LOCAL,0,0,2078.25,450000,49965884,122980,113901
11,DELTA,WS,postgres,300,REGIONAL,900,1000,3162.29,450000,50058268,124801,115398
11,DELTA,WS,postgres,300,INTERCONTINENTAL,1000,2000,3511.42,450000,49966482,123163,114067
11,STATE,TCP_RAW,postgres,1,LOCAL,0,0,51.70,5,811,307,289
11,STATE,TCP_RAW,postgres,1,REGIONAL,900,1000,1008.06,5,1474,417,390
11,STATE,TCP_RAW,postgres,1,INTERCONTINENTAL,1000,2000,1555.12,5,481,87,87
11,OPERATION,TCP_RAW,postgres,1,LOCAL,0,0,51.65,5,691,417,390
11,OPERATION,TCP_RAW,postgres,1,REGIONAL,900,1000,1009.04,5,644,307,289
11,OPERATION,TCP_RAW,postgres,1,INTERCONTINENTAL,1000,2000,1957.99,5,692,528,483
11,DELTA,TCP_RAW,postgres,1,LOCAL,0,0,51.84,5,553,417,390
11,DELTA,TCP_RAW,postgres,1,REGIONAL,900,1000,1006.77,5,553,417,390
11,DELTA,TCP_RAW,postgres,1,INTERCONTINENTAL,1000,2000,1958.48,5,577,528,483
11,STATE,TCP_RAW,postgres,100,LOCAL,0,0,232.63,50000,13368159,42041,38974
11,STATE,TCP_RAW,postgres,100,REGIONAL,900,1000,1169.80,50000,12528555,39315,36599
11,STATE,TCP_RAW,postgres,100,INTERCONTINENTAL,1000,2000,2080.24,50000,12502656,39880,37170
11,OPERATION,TCP_RAW,postgres,100,LOCAL,0,0,173.52,50000,6848000,40796,37887
11,OPERATION,TCP_RAW,postgres,100,REGIONAL,900,1000,1128.61,50000,6867100,41349,38396
11,OPERATION,TCP_RAW,postgres,100,INTERCONTINENTAL,1000,2000,2106.35,50000,6851900,39881,37134
11,DELTA,TCP_RAW,postgres,100,LOCAL,0,0,192.56,50000,5347394,39198,36475
11,DELTA,TCP_RAW,postgres,100,REGIONAL,900,1000,1127.52,50000,5458788,41033,38077
11,DELTA,TCP_RAW,postgres,100,INTERCONTINENTAL,1000,2000,2101.53,50000,5419898,39563,36836
11,STATE,TCP_RAW,postgres,300,LOCAL,0,0,1629.29,450000,117287575,124027,114848
11,STATE,TCP_RAW,postgres,300,REGIONAL,900,1000,2505.07,450000,116795261,122554,113482
11,STATE,TCP_RAW,postgres,300,INTERCONTINENTAL,1000,2000,2681.85,450000,117684180,121698,112773
11,OPERATION,TCP_RAW,postgres,300,LOCAL,0,0,1242.34,450000,62598900,124391,114945
11,OPERATION,TCP_RAW,postgres,300,REGIONAL,900,1000,2327.86,450000,62606400,124229,114953
11,OPERATION,TCP_RAW,postgres,300,INTERCONTINENTAL,1000,2000,2595.35,450000,62637300,123880,114715
11,DELTA,TCP_RAW,postgres,300,LOCAL,0,0,1324.07,450000,49516771,122755,113566
11,DELTA,TCP_RAW,postgres,300,REGIONAL,900,1000,2312.44,450000,50038483,123653,114509
11,DELTA,TCP_RAW,postgres,300,INTERCONTINENTAL,1000,2000,2524.81,450000,49371291,120189,111465
11,STATE,GRPC,postgres,1,LOCAL,0,0,54.52,5,1141,417,390
11,STATE,GRPC,postgres,1,REGIONAL,900,1000,1000.43,5,1363,417,390
11,STATE,GRPC,postgres,1,INTERCONTINENTAL,1000,2000,1644.37,5,1252,417,390
11,OPERATION,GRPC,postgres,1,LOCAL,0,0,50.81,5,596,87,87
11,OPERATION,GRPC,postgres,1,REGIONAL,900,1000,1004.01,5,644,307,289
11,OPERATION,GRPC,postgres,1,INTERCONTINENTAL,1000,2000,1973.07,5,692,528,483
11,DELTA,GRPC,postgres,1,LOCAL,0,0,52.91,5,576,417,390
11,DELTA,GRPC,postgres,1,REGIONAL,900,1000,1046.79,5,552,306,297
11,DELTA,GRPC,postgres,1,INTERCONTINENTAL,1000,2000,1966.96,5,577,528,483
11,STATE,GRPC,postgres,100,LOCAL,0,0,689.06,50000,12860145,40802,37861
11,STATE,GRPC,postgres,100,REGIONAL,900,1000,1582.20,50000,12997725,41483,38424
11,STATE,GRPC,postgres,100,INTERCONTINENTAL,1000,2000,2029.49,50000,12248350,38532,35947
11,OPERATION,GRPC,postgres,100,LOCAL,0,0,587.84,50000,6844500,39769,37048
11,OPERATION,GRPC,postgres,100,REGIONAL,900,1000,1486.90,50000,6865200,41357,38408
11,OPERATION,GRPC,postgres,100,INTERCONTINENTAL,1000,2000,2030.86,50000,6843200,40463,37609
11,DELTA,GRPC,postgres,100,LOCAL,0,0,578.09,50000,5425097,39787,37027
11,DELTA,GRPC,postgres,100,REGIONAL,900,1000,1474.47,50000,5483795,40223,37415
11,DELTA,GRPC,postgres,100,INTERCONTINENTAL,1000,2000,2022.60,50000,5465789,40782,37870
11,STATE,GRPC,postgres,300,LOCAL,0,0,8093.08,450000,119647638,126656,117027
11,STATE,GRPC,postgres,300,REGIONAL,900,1000,8937.89,450000,116743356,123209,114056
11,STATE,GRPC,postgres,300,INTERCONTINENTAL,1000,2000,10511.96,450000,118180646,124960,115609
11,OPERATION,GRPC,postgres,300,LOCAL,0,0,6811.30,450000,62557800,122633,113525
11,OPERATION,GRPC,postgres,300,REGIONAL,900,1000,7933.55,450000,62675100,126286,116653
11,OPERATION,GRPC,postgres,300,INTERCONTINENTAL,1000,2000,8780.64,450000,62692500,123453,114292
11,DELTA,GRPC,postgres,300,LOCAL,0,0,5820.61,450000,49622071,123058,113857
11,DELTA,GRPC,postgres,300,REGIONAL,900,1000,7280.82,450000,50049863,125368,115864
11,DELTA,GRPC,postgres,300,INTERCONTINENTAL,1000,2000,7855.95,450000,50378377,125015,115693
11,STATE,WT,postgres,1,LOCAL,0,0,55.75,5,481,87,87
11,STATE,WT,postgres,1,REGIONAL,900,1000,1007.45,5,1252,417,390
11,STATE,WT,postgres,1,INTERCONTINENTAL,1000,2000,1599.77,5,1141,417,390
11,OPERATION,WT,postgres,1,LOCAL,0,0,53.93,5,667,306,297
11,OPERATION,WT,postgres,1,REGIONAL,900,1000,1047.04,5,692,528,483
11,OPERATION,WT,postgres,1,INTERCONTINENTAL,1000,2000,1945.87,5,668,417,390
11,DELTA,WT,postgres,1,LOCAL,0,0,51.97,5,576,417,390
11,DELTA,WT,postgres,1,REGIONAL,900,1000,1003.24,5,553,417,390
11,DELTA,WT,postgres,1,INTERCONTINENTAL,1000,2000,1947.42,5,577,528,483
11,STATE,WT,postgres,100,LOCAL,0,0,682.45,50000,12550850,39780,37008
11,STATE,WT,postgres,100,REGIONAL,900,1000,1589.63,50000,12972665,40701,37792
11,STATE,WT,postgres,100,INTERCONTINENTAL,1000,2000,2029.25,50000,12291843,38763,36079
11,OPERATION,WT,postgres,100,LOCAL,0,0,524.94,50000,6842500,39995,37200
11,OPERATION,WT,postgres,100,REGIONAL,900,1000,1488.18,50000,6874300,40470,37601
11,OPERATION,WT,postgres,100,INTERCONTINENTAL,1000,2000,2062.89,50000,6861700,40218,37460
11,DELTA,WT,postgres,100,LOCAL,0,0,493.31,50000,5463494,40569,37718
11,DELTA,WT,postgres,100,REGIONAL,900,1000,1511.23,50000,5364104,38305,35751
11,DELTA,WT,postgres,100,INTERCONTINENTAL,1000,2000,2022.04,50000,5367507,38195,35679
11,STATE,WT,postgres,300,LOCAL,0,0,4598.59,450000,117097043,122833,113797
11,STATE,WT,postgres,300,REGIONAL,900,1000,5809.46,450000,115537668,122043,113093
11,STATE,WT,postgres,300,INTERCONTINENTAL,1000,2000,5938.49,450000,115774678,121828,112959
11,OPERATION,WT,postgres,300,LOCAL,0,0,4049.88,450000,62647500,124179,114905
11,OPERATION,WT,postgres,300,REGIONAL,900,1000,5034.19,450000,62458200,121782,112788
11,OPERATION,WT,postgres,300,INTERCONTINENTAL,1000,2000,5381.18,450000,62646900,121366,112487
11,DELTA,WT,postgres,300,LOCAL,0,0,4306.21,450000,49934082,123297,114187
11,DELTA,WT,postgres,300,REGIONAL,900,1000,5586.13,450000,49346987,120666,111837
11,DELTA,WT,postgres,300,INTERCONTINENTAL,1000,2000,5776.24,450000,49829972,123718,114434
12,STATE,WS,postgres,1,LOCAL,0,0,53.84,5,1141,417,390
12,STATE,WS,postgres,1,REGIONAL,900,1000,967.72,5,1474,417,390
12,STATE,WS,postgres,1,INTERCONTINENTAL,1000,2000,1649.44,5,1585,528,483
12,OPERATION,WS,postgres,1,LOCAL,0,0,51.47,5,691,417,390
12,OPERATION,WS,postgres,1,REGIONAL,900,1000,1010.60,5,667,306,297
12,OPERATION,WS,postgres,1,INTERCONTINENTAL,1000,2000,1962.15,5,668,417,390
12,DELTA,WS,postgres,1,LOCAL,0,0,54.65,5,553,417,390
12,DELTA,WS,postgres,1,REGIONAL,900,1000,996.96,5,577,528,483
12,DELTA,WS,postgres,1,INTERCONTINENTAL,1000,2000,1589.57,5,443,196,196
12,STATE,WS,postgres,100,LOCAL,0,0,469.51,50000,12950144,41027,38075
12,STATE,WS,postgres,100,REGIONAL,900,1000,1299.05,50000,12843061,39884,37105
12,STATE,WS,postgres,100,INTERCONTINENTAL,1000,2000,2019.71,50000,13138044,41690,38686
12,OPERATION,WS,postgres,100,LOCAL,0,0,311.35,50000,6876800,40586,37679
12,OPERATION,WS,postgres,100,REGIONAL,900,1000,1215.84,50000,6871200,40338,37499
12,OPERATION,WS,postgres,100,INTERCONTINENTAL,1000,2000,2028.64,50000,6863600,39559,36786
12,DELTA,WS,postgres,100,LOCAL,0,0,251.64,50000,5330501,38421,35827
12,DELTA,WS,postgres,100,REGIONAL,900,1000,1232.76,50000,5373705,38417,35861
12,DELTA,WS,postgres,100,INTERCONTINENTAL,1000,2000,2047.73,50000,5345082,40349,37402
12,STATE,WS,postgres,300,LOCAL,0,0,2258.22,450000,118613852,125114,115718
12,STATE,WS,postgres,300,REGIONAL,900,1000,3543.55,450000,118189349,126009,116477
12,STATE,WS,postgres,300,INTERCONTINENTAL,1000,2000,3786.24,450000,117296296,122374,113384
12,OPERATION,WS,postgres,300,LOCAL,0,0,2167.14,450000,62658300,124374,115080
12,OPERATION,WS,postgres,300,REGIONAL,900,1000,3252.61,450000,62751300,125413,116011
12,OPERATION,WS,postgres,300,INTERCONTINENTAL,1000,2000,3583.59,450000,62723700,124094,114880
12,DELTA,WS,postgres,300,LOCAL,0,0,2234.58,450000,50772275,126442,116948
12,DELTA,WS,postgres,300,REGIONAL,900,1000,3227.28,450000,49206290,119949,111230
12,DELTA,WS,postgres,300,INTERCONTINENTAL,1000,2000,3651.73,450000,50003076,123999,114756
12,STATE,TCP_RAW,postgres,1,LOCAL,0,0,50.52,5,1252,417,390
12,STATE,TCP_RAW,postgres,1,REGIONAL,900,1000,989.07,5,1585,528,483
12,STATE,TCP_RAW,postgres,1,INTERCONTINENTAL,1000,2000,1595.71,5,1030,306,297
12,OPERATION,TCP_RAW,postgres,1,LOCAL,0,0,51.20,5,644,307,289
12,OPERATION,TCP_RAW,postgres,1,REGIONAL,900,1000,1011.52,5,692,528,483
12,OPERATION,TCP_RAW,postgres,1,INTERCONTINENTAL,1000,2000,1979.78,5,691,417,390
12,DELTA,TCP_RAW,postgres,1,LOCAL,0,0,51.43,5,553,417,390
12,DELTA,TCP_RAW,postgres,1,REGIONAL,900,1000,999.14,5,577,528,483
12,DELTA,TCP_RAW,postgres,1,INTERCONTINENTAL,1000,2000,1642.31,5,552,306,297
12,STATE,TCP_RAW,postgres,100,LOCAL,0,0,270.95,50000,13060932,41809,38792
12,STATE,TCP_RAW,postgres,100,REGIONAL,900,1000,1148.67,50000,12392163,38764,36156
12,STATE,TCP_RAW,postgres,100,INTERCONTINENTAL,1000,2000,2079.34,50000,12497435,39789,36953
12,OPERATION,TCP_RAW,postgres,100,LOCAL,0,0,201.44,50000,6846500,39114,36394
12,OPERATION,TCP_RAW,postgres,100,REGIONAL,900,1000,1165.18,50000,6839300,38982,36319
12,OPERATION,TCP_RAW,postgres,100,INTERCONTINENTAL,1000,2000,2090.76,50000,6859700,40462,37616
12,DELTA,TCP_RAW,postgres,100,LOCAL,0,0,193.63,50000,5539995,40916,38041
12,DELTA,TCP_RAW,postgres,100,REGIONAL,900,1000,1166.36,50000,5343095,39090,36384
12,DELTA,TCP_RAW,postgres,100,INTERCONTINENTAL,1000,2000,2105.52,50000,5463689,40907,37980
12,STATE,TCP_RAW,postgres,300,LOCAL,0,0,1770.35,450000,119663559,125261,115922
12,STATE,TCP_RAW,postgres,300,REGIONAL,900,1000,2527.66,450000,116031134,122073,113010
12,STATE,TCP_RAW,postgres,300,INTERCONTINENTAL,1000,2000,2817.93,450000,119720849,125615,116175
12,OPERATION,TCP_RAW,postgres,300,LOCAL,0,0,1245.60,450000,62376600,120352,111619
12,OPERATION,TCP_RAW,postgres,300,REGIONAL,900,1000,2247.63,450000,62485200,122291,113185
12,OPERATION,TCP_RAW,postgres,300,INTERCONTINENTAL,1000,2000,2541.91,450000,62649900,125751,116211
12,DELTA,TCP_RAW,postgres,300,LOCAL,0,0,1277.82,450000,50001258,125689,116073
12,DELTA,TCP_RAW,postgres,300,REGIONAL,900,1000,2303.34,450000,49845593,121710,112839
12,DELTA,TCP_RAW,postgres,300,INTERCONTINENTAL,1000,2000,2610.12,450000,50736889,124914,115718
12,STATE,GRPC,postgres,1,LOCAL,0,0,52.09,5,921,196,196
12,STATE,GRPC,postgres,1,REGIONAL,900,1000,1007.50,5,1252,417,390
12,STATE,GRPC,postgres,1,INTERCONTINENTAL,1000,2000,1649.00,5,1585,528,483
12,OPERATION,GRPC,postgres,1,LOCAL,0,0,52.73,5,643,196,196
12,OPERATION,GRPC,postgres,1,REGIONAL,900,1000,1006.73,5,692,528,483
12,OPERATION,GRPC,postgres,1,INTERCONTINENTAL,1000,2000,1963.06,5,692,528,483
12,DELTA,GRPC,postgres,1,LOCAL,0,0,52.62,5,444,307,289
12,DELTA,GRPC,postgres,1,REGIONAL,900,1000,1049.86,5,577,528,483
12,DELTA,GRPC,postgres,1,INTERCONTINENTAL,1000,2000,1886.36,5,575,306,297
12,STATE,GRPC,postgres,100,LOCAL,0,0,696.54,50000,12827150,40243,37406
12,STATE,GRPC,postgres,100,REGIONAL,900,1000,1563.83,50000,13434322,42821,39623
12,STATE,GRPC,postgres,100,INTERCONTINENTAL,1000,2000,2063.90,50000,13289122,42828,39644
12,OPERATION,GRPC,postgres,100,LOCAL,0,0,538.00,50000,6846000,40927,37970
12,OPERATION,GRPC,postgres,100,REGIONAL,900,1000,1535.51,50000,6865400,41150,38146
12,OPERATION,GRPC,postgres,100,INTERCONTINENTAL,1000,2000,2044.82,50000,6859000,39551,36828
12,DELTA,GRPC,postgres,100,LOCAL,0,0,575.21,50000,5410194,39665,36895
12,DELTA,GRPC,postgres,100,REGIONAL,900,1000,1538.48,50000,5451593,40350,37505
12,DELTA,GRPC,postgres,100,INTERCONTINENTAL,1000,2000,2040.90,50000,5553691,41476,38516
12,STATE,GRPC,postgres,300,LOCAL,0,0,8208.88,450000,117328073,123110,114023
12,STATE,GRPC,postgres,300,REGIONAL,900,1000,9069.20,450000,116901471,122430,113425
12,STATE,GRPC,postgres,300,INTERCONTINENTAL,1000,2000,9799.98,450000,118500448,123702,114465
12,OPERATION,GRPC,postgres,300,LOCAL,0,0,6265.71,450000,62543400,122737,113737
12,OPERATION,GRPC,postgres,300,REGIONAL,900,1000,7760.62,450000,62619600,124101,114845
12,OPERATION,GRPC,postgres,300,INTERCONTINENTAL,1000,2000,8450.37,450000,62538600,124099,114900
12,DELTA,GRPC,postgres,300,LOCAL,0,0,5812.78,450000,49280374,122020,112945
12,DELTA,GRPC,postgres,300,REGIONAL,900,1000,7359.46,450000,50130886,123198,114126
12,DELTA,GRPC,postgres,300,INTERCONTINENTAL,1000,2000,7847.80,450000,49908581,123304,114180
12,STATE,WT,postgres,1,LOCAL,0,0,55.46,5,1141,417,390
12,STATE,WT,postgres,1,REGIONAL,900,1000,1005.37,5,1585,528,483
12,STATE,WT,postgres,1,INTERCONTINENTAL,1000,2000,1638.33,5,1585,528,483
12,OPERATION,WT,postgres,1,LOCAL,0,0,50.05,5,691,417,390
12,OPERATION,WT,postgres,1,REGIONAL,900,1000,1007.06,5,692,528,483
12,OPERATION,WT,postgres,1,INTERCONTINENTAL,1000,2000,1965.40,5,691,417,390
12,DELTA,WT,postgres,1,LOCAL,0,0,50.67,5,577,528,483
12,DELTA,WT,postgres,1,REGIONAL,900,1000,1011.90,5,577,528,483
12,DELTA,WT,postgres,1,INTERCONTINENTAL,1000,2000,1641.25,5,552,306,297
12,STATE,WT,postgres,100,LOCAL,0,0,649.93,50000,13149753,41237,38312
12,STATE,WT,postgres,100,REGIONAL,900,1000,1588.07,50000,13139957,40678,37829
12,STATE,WT,postgres,100,INTERCONTINENTAL,1000,2000,2033.90,50000,12915245,40796,37858
12,OPERATION,WT,postgres,100,LOCAL,0,0,497.14,50000,6858000,41031,38070
12,OPERATION,WT,postgres,100,REGIONAL,900,1000,1456.13,50000,6872000,41016,38062
12,OPERATION,WT,postgres,100,INTERCONTINENTAL,1000,2000,2075.12,50000,6871100,40453,37612
12,DELTA,WT,postgres,100,LOCAL,0,0,486.77,50000,5509688,41372,38388
12,DELTA,WT,postgres,100,REGIONAL,900,1000,1466.79,50000,5403600,39103,36438
12,DELTA,WT,postgres,100,INTERCONTINENTAL,1000,2000,2064.98,50000,5471201,39771,37058
12,STATE,WT,postgres,300,LOCAL,0,0,4700.36,450000,115162965,121246,112420
12,STATE,WT,postgres,300,REGIONAL,900,1000,5829.55,450000,115814879,121332,112604
12,STATE,WT,postgres,300,INTERCONTINENTAL,1000,2000,6193.71,450000,116430136,122626,113499
12,OPERATION,WT,postgres,300,LOCAL,0,0,4057.31,450000,62700000,124963,115612
12,OPERATION,WT,postgres,300,REGIONAL,900,1000,5320.32,450000,62619000,123435,114228
12,OPERATION,WT,postgres,300,INTERCONTINENTAL,1000,2000,5393.22,450000,62676600,126633,116979
12,DELTA,WT,postgres,300,LOCAL,0,0,3811.98,450000,49717779,122744,113645
12,DELTA,WT,postgres,300,REGIONAL,900,1000,4948.84,450000,50297984,124247,115049
12,DELTA,WT,postgres,300,INTERCONTINENTAL,1000,2000,5373.28,450000,50591668,126580,116987
13,STATE,WS,postgres,1,LOCAL,0,0,55.42,5,1363,417,390
13,STATE,WS,postgres,1,REGIONAL,900,1000,959.40,5,481,87,87
13,STATE,WS,postgres,1,INTERCONTINENTAL,1000,2000,1579.51,5,1141,306,297
13,OPERATION,WS,postgres,1,LOCAL,0,0,52.70,5,596,87,87
13,OPERATION,WS,postgres,1,REGIONAL,900,1000,1012.67,5,691,417,390
13,OPERATION,WS,postgres,1,INTERCONTINENTAL,1000,2000,1964.47,5,692,528,483
13,DELTA,WS,postgres,1,LOCAL,0,0,53.07,5,577,528,483
13,DELTA,WS,postgres,1,REGIONAL,900,1000,1009.02,5,552,306,297
13,DELTA,WS,postgres,1,INTERCONTINENTAL,1000,2000,1955.08,5,444,307,289
13,STATE,WS,postgres,100,LOCAL,0,0,395.79,50000,12844364,40228,37428
13,STATE,WS,postgres,100,REGIONAL,900,1000,1276.94,50000,12966670,40782,37954
13,STATE,WS,postgres,100,INTERCONTINENTAL,1000,2000,2041.99,50000,12983347,40693,37779
13,OPERATION,WS,postgres,100,LOCAL,0,0,330.25,50000,6869600,41258,38235
13,OPERATION,WS,postgres,100,REGIONAL,900,1000,1271.15,50000,6866400,39893,37111
13,OPERATION,WS,postgres,100,INTERCONTINENTAL,1000,2000,2049.63,50000,6871900,40459,37644
13,DELTA,WS,postgres,100,LOCAL,0,0,271.90,50000,5360113,37282,34906
13,DELTA,WS,postgres,100,REGIONAL,900,1000,1233.45,50000,5422792,40122,37288
13,DELTA,WS,postgres,100,INTERCONTINENTAL,1000,2000,2051.37,50000,5562395,41240,38340
13,STATE,WS,postgres,300,LOCAL,0,0,2374.29,450000,118837039,125013,115620
13,STATE,WS,postgres,300,REGIONAL,900,1000,3375.22,450000,115739243,121949,112870
13,STATE,WS,postgres,300,INTERCONTINENTAL,1000,2000,3810.42,450000,113204618,118200,109870
13,OPERATION,WS,postgres,300,LOCAL,0,0,2072.97,450000,62650200,123523,114483
13,OPERATION,WS,postgres,300,REGIONAL,900,1000,3306.27,450000,62613600,125153,115677
13,OPERATION,WS,postgres,300,INTERCONTINENTAL,1000,2000,3554.04,450000,62568300,123550,114403
13,DELTA,WS,postgres,300,LOCAL,0,0,2031.59,450000,49388691,120460,111685
13,DELTA,WS,postgres,300,REGIONAL,900,1000,3300.46,450000,49807463,124747,115273
13,DELTA,WS,postgres,300,INTERCONTINENTAL,1000,2000,3565.52,450000,50062161,125712,116167
13,STATE,TCP_RAW,postgres,1,LOCAL,0,0,50.76,5,1030,306,297
13,STATE,TCP_RAW,postgres,1,REGIONAL,900,1000,1010.83,5,1032,307,289
13,STATE,TCP_RAW,postgres,1,INTERCONTINENTAL,1000,2000,1546.16,5,1253,307,289
13,OPERATION,TCP_RAW,postgres,1,LOCAL,0,0,53.59,5,692,528,483
13,OPERATION,TCP_RAW,postgres,1,REGIONAL,900,1000,1043.50,5,668,417,390
13,OPERATION,TCP_RAW,postgres,1,INTERCONTINENTAL,1000,2000,1964.07,5,691,417,390
13,DELTA,TCP_RAW,postgres,1,LOCAL,0,0,51.65,5,552,306,297
13,DELTA,TCP_RAW,postgres,1,REGIONAL,900,1000,1008.61,5,553,417,390
13,DELTA,TCP_RAW,postgres,1,INTERCONTINENTAL,1000,2000,1955.14,5,553,417,390
13,STATE,TCP_RAW,postgres,100,LOCAL,0,0,255.68,50000,13060535,42150,39083
13,STATE,TCP_RAW,postgres,100,REGIONAL,900,1000,1176.39,50000,12622831,40581,37695
13,STATE,TCP_RAW,postgres,100,INTERCONTINENTAL,1000,2000,2081.92,50000,12786763,40107,37366
13,OPERATION,TCP_RAW,postgres,100,LOCAL,0,0,179.61,50000,6839900,40103,37317
13,OPERATION,TCP_RAW,postgres,100,REGIONAL,900,1000,1123.80,50000,6859900,40568,37725
13,OPERATION,TCP_RAW,postgres,100,INTERCONTINENTAL,1000,2000,2094.51,50000,6872400,41587,38577
13,DELTA,TCP_RAW,postgres,100,LOCAL,0,0,176.07,50000,5415096,39669,36914
13,DELTA,TCP_RAW,postgres,100,REGIONAL,900,1000,1160.17,50000,5428394,39998,37199
13,DELTA,TCP_RAW,postgres,100,INTERCONTINENTAL,1000,2000,2098.06,50000,5544798,40678,37856
13,STATE,TCP_RAW,postgres,300,LOCAL,0,0,1756.32,450000,117777420,125393,115900
13,STATE,TCP_RAW,postgres,300,REGIONAL,900,1000,2664.55,450000,116177858,122341,113178
13,STATE,TCP_RAW,postgres,300,INTERCONTINENTAL,1000,2000,2790.57,450000,117943951,124433,115157
13,OPERATION,TCP_RAW,postgres,300,LOCAL,0,0,1339.62,450000,62731200,125479,115959
13,OPERATION,TCP_RAW,postgres,300,REGIONAL,900,1000,2253.77,450000,62588100,123347,114253
13,OPERATION,TCP_RAW,postgres,300,INTERCONTINENTAL,1000,2000,2566.36,450000,62677200,123637,114455
13,DELTA,TCP_RAW,postgres,300,LOCAL,0,0,1271.38,450000,49645197,120620,111919
13,DELTA,TCP_RAW,postgres,300,REGIONAL,900,1000,2258.19,450000,50423062,126440,116817
13,DELTA,TCP_RAW,postgres,300,INTERCONTINENTAL,1000,2000,2513.13,450000,50006682,123297,114179
13,STATE,GRPC,postgres,1,LOCAL,0,0,51.53,5,1474,417,390
13,STATE,GRPC,postgres,1,REGIONAL,900,1000,1003.31,5,1252,306,297
13,STATE,GRPC,postgres,1,INTERCONTINENTAL,1000,2000,1649.49,5,1252,417,390
13,OPERATION,GRPC,postgres,1,LOCAL,0,0,53.71,5,668,417,390
13,OPERATION,GRPC,postgres,1,REGIONAL,900,1000,1012.93,5,667,306,297
13,OPERATION,GRPC,postgres,1,INTERCONTINENTAL,1000,2000,1966.75,5,691,417,390
13,DELTA,GRPC,postgres,1,LOCAL,0,0,50.67,5,552,306,297
13,DELTA,GRPC,postgres,1,REGIONAL,900,1000,1000.46,5,553,417,390
13,DELTA,GRPC,postgres,1,INTERCONTINENTAL,1000,2000,1637.11,5,552,306,297
13,STATE,GRPC,postgres,100,LOCAL,0,0,693.28,50000,12774952,40337,37507
13,STATE,GRPC,postgres,100,REGIONAL,900,1000,1529.84,50000,12764567,40455,37679
13,STATE,GRPC,postgres,100,INTERCONTINENTAL,1000,2000,2036.19,50000,13065452,41255,38347
13,OPERATION,GRPC,postgres,100,LOCAL,0,0,593.43,50000,6904300,39881,37133
13,OPERATION,GRPC,postgres,100,REGIONAL,900,1000,1488.65,50000,6817100,38651,35969
13,OPERATION,GRPC,postgres,100,INTERCONTINENTAL,1000,2000,2038.55,50000,6821300,38286,35752
13,DELTA,GRPC,postgres,100,LOCAL,0,0,633.78,50000,5406798,39337,36628
13,DELTA,GRPC,postgres,100,REGIONAL,900,1000,1584.70,50000,5427690,40469,37582
13,DELTA,GRPC,postgres,100,INTERCONTINENTAL,1000,2000,2032.81,50000,5474684,41492,38456
13,STATE,GRPC,postgres,300,LOCAL,0,0,7674.16,450000,113679173,118776,110245
13,STATE,GRPC,postgres,300,REGIONAL,900,1000,8955.44,450000,118330644,124542,115172
13,STATE,GRPC,postgres,300,INTERCONTINENTAL,1000,2000,9976.75,450000,119190410,127573,117790
13,OPERATION,GRPC,postgres,300,LOCAL,0,0,6331.61,450000,62503800,124737,115393
13,OPERATION,GRPC,postgres,300,REGIONAL,900,1000,7677.47,450000,62501100,122377,113357
13,OPERATION,GRPC,postgres,300,INTERCONTINENTAL,1000,2000,8442.55,450000,62532000,121568,112682
13,DELTA,GRPC,postgres,300,LOCAL,0,0,5733.96,450000,50131181,123807,114612
13,DELTA,GRPC,postgres,300,REGIONAL,900,1000,7284.83,450000,50200188,123484,114430
13,DELTA,GRPC,postgres,300,INTERCONTINENTAL,1000,2000,7937.06,450000,49923296,121731,112885
13,STATE,WT,postgres,1,LOCAL,0,0,50.94,5,1141,417,390
13,STATE,WT,postgres,1,REGIONAL,900,1000,964.27,5,1585,528,483
13,STATE,WT,postgres,1,INTERCONTINENTAL,1000,2000,1570.18,5,1474,417,390
13,OPERATION,WT,postgres,1,LOCAL,0,0,52.21,5,692,528,483
13,OPERATION,WT,postgres,1,REGIONAL,900,1000,1002.15,5,667,306,297
13,OPERATION,WT,postgres,1,INTERCONTINENTAL,1000,2000,1871.93,5,644,307,289
13,DELTA,WT,postgres,1,LOCAL,0,0,53.96,5,552,306,297
13,DELTA,WT,postgres,1,REGIONAL,900,1000,1005.33,5,552,306,297
13,DELTA,WT,postgres,1,INTERCONTINENTAL,1000,2000,1965.63,5,444,307,289
13,STATE,WT,postgres,100,LOCAL,0,0,654.24,50000,13160360,41127,38211
13,STATE,WT,postgres,100,REGIONAL,900,1000,1565.72,50000,12633738,40014,37173
13,STATE,WT,postgres,100,INTERCONTINENTAL,1000,2000,2065.66,50000,12904730,41141,38171
13,OPERATION,WT,postgres,100,LOCAL,0,0,515.45,50000,6861800,40464,37597
13,OPERATION,WT,postgres,100,REGIONAL,900,1000,1495.06,50000,6894400,41924,38850
13,OPERATION,WT,postgres,100,INTERCONTINENTAL,1000,2000,2026.11,50000,6840400,39793,36977
13,DELTA,WT,postgres,100,LOCAL,0,0,491.26,50000,5327191,39549,36761
13,DELTA,WT,postgres,100,REGIONAL,900,1000,1473.55,50000,5542995,40889,38027
13,DELTA,WT,postgres,100,INTERCONTINENTAL,1000,2000,2075.19,50000,5456591,40566,37688
13,STATE,WT,postgres,300,LOCAL,0,0,4687.32,450000,116572628,122337,113099
13,STATE,WT,postgres,300,REGIONAL,900,1000,6046.88,450000,116704677,122593,113634
13,STATE,WT,postgres,300,INTERCONTINENTAL,1000,2000,5908.48,450000,117093423,123545,114293
13,OPERATION,WT,postgres,300,LOCAL,0,0,3926.54,450000,62539500,123354,114087
13,OPERATION,WT,postgres,300,REGIONAL,900,1000,5003.87,450000,62581800,123460,114260
13,OPERATION,WT,postgres,300,INTERCONTINENTAL,1000,2000,5456.97,450000,62577600,123293,114191
13,DELTA,WT,postgres,300,LOCAL,0,0,3930.22,450000,49907068,124263,114894
13,DELTA,WT,postgres,300,REGIONAL,900,1000,4991.90,450000,50066069,124931,115525
13,DELTA,WT,postgres,300,INTERCONTINENTAL,1000,2000,5248.23,450000,50235293,122989,114007
14,STATE,WS,postgres,1,LOCAL,0,0,51.20,5,1141,417,390
14,STATE,WS,postgres,1,REGIONAL,900,1000,993.28,5,1031,307,289
14,STATE,WS,postgres,1,INTERCONTINENTAL,1000,2000,1566.61,5,1142,307,289
14,OPERATION,WS,postgres,1,LOCAL,0,0,51.69,5,667,306,297
14,OPERATION,WS,postgres,1,REGIONAL,900,1000,1007.30,5,667,306,297
14,OPERATION,WS,postgres,1,INTERCONTINENTAL,1000,2000,1982.29,5,692,528,483
14,DELTA,WS,postgres,1,LOCAL,0,0,50.67,5,553,417,390
14,DELTA,WS,postgres,1,REGIONAL,900,1000,1042.69,5,553,417,390
14,DELTA,WS,postgres,1,INTERCONTINENTAL,1000,2000,1950.48,5,577,528,483
14,STATE,WS,postgres,100,LOCAL,0,0,392.99,50000,12934860,40340,37536
14,STATE,WS,postgres,100,REGIONAL,900,1000,1286.09,50000,12995851,41147,38173
14,STATE,WS,postgres,100,INTERCONTINENTAL,1000,2000,2035.58,50000,12549378,39100,36462
14,OPERATION,WS,postgres,100,LOCAL,0,0,275.79,50000,6878700,40774,37914
14,OPERATION,WS,postgres,100,REGIONAL,900,1000,1218.50,50000,6868500,39439,36745
14,OPERATION,WS,postgres,100,INTERCONTINENTAL,1000,2000,2030.48,50000,6865000,39194,36511
14,DELTA,WS,postgres,100,LOCAL,0,0,298.66,50000,5521291,41247,38307
14,DELTA,WS,postgres,100,REGIONAL,900,1000,1281.39,50000,5521190,41352,38397
14,DELTA,WS,postgres,100,INTERCONTINENTAL,1000,2000,2044.15,50000,5597293,41691,38734
14,STATE,WS,postgres,300,LOCAL,0,0,2367.88,450000,117519770,122533,113473
14,STATE,WS,postgres,300,REGIONAL,900,1000,3513.71,450000,116129215,124134,114829
14,STATE,WS,postgres,300,INTERCONTINENTAL,1000,2000,3717.72,450000,114228448,120315,111550
14,OPERATION,WS,postgres,300,LOCAL,0,0,2023.85,450000,62642400,126555,117019
14,OPERATION,WS,postgres,300,REGIONAL,900,1000,3202.73,450000,62343600,120070,111318
14,OPERATION,WS,postgres,300,INTERCONTINENTAL,1000,2000,3476.65,450000,62633400,125648,116192
14,DELTA,WS,postgres,300,LOCAL,0,0,1928.52,450000,49966178,123393,114237
14,DELTA,WS,postgres,300,REGIONAL,900,1000,3298.40,450000,50283259,126610,116917
14,DELTA,WS,postgres,300,INTERCONTINENTAL,1000,2000,3479.81,450000,49757382,122619,113561
14,STATE,TCP_RAW,postgres,1,LOCAL,0,0,54.08,5,1252,417,390
14,STATE,TCP_RAW,postgres,1,REGIONAL,900,1000,1005.47,5,1141,417,390
14,STATE,TCP_RAW,postgres,1,INTERCONTINENTAL,1000,2000,1635.75,5,921,307,289
14,OPERATION,TCP_RAW,postgres,1,LOCAL,0,0,53.05,5,691,417,390
14,OPERATION,TCP_RAW,postgres,1,REGIONAL,900,1000,1003.49,5,691,417,390
14,OPERATION,TCP_RAW,postgres,1,INTERCONTINENTAL,1000,2000,1947.58,5,691,417,390
14,DELTA,TCP_RAW,postgres,1,LOCAL,0,0,51.38,5,577,528,483
14,DELTA,TCP_RAW,postgres,1,REGIONAL,900,1000,962.59,5,444,307,289
14,DELTA,TCP_RAW,postgres,1,INTERCONTINENTAL,1000,2000,1595.54,5,443,196,196
14,STATE,TCP_RAW,postgres,100,LOCAL,0,0,272.16,50000,13115454,41473,38485
14,STATE,TCP_RAW,postgres,100,REGIONAL,900,1000,1142.99,50000,12535173,38637,36008
14,STATE,TCP_RAW,postgres,100,INTERCONTINENTAL,1000,2000,2092.23,50000,12743943,40004,37202
14,OPERATION,TCP_RAW,postgres,100,LOCAL,0,0,182.64,50000,6845400,40013,37236
14,OPERATION,TCP_RAW,postgres,100,REGIONAL,900,1000,1127.90,50000,6832800,40111,37304
14,OPERATION,TCP_RAW,postgres,100,INTERCONTINENTAL,1000,2000,2089.64,50000,6881200,40682,37849
14,DELTA,TCP_RAW,postgres,100,LOCAL,0,0,243.43,50000,5416684,40814,37837
14,DELTA,TCP_RAW,postgres,100,REGIONAL,900,1000,1154.57,50000,5591090,41697,38710
14,DELTA,TCP_RAW,postgres,100,INTERCONTINENTAL,1000,2000,2109.56,50000,5409795,39768,37001
14,STATE,TCP_RAW,postgres,300,LOCAL,0,0,1717.19,450000,116440959,122029,113104
14,STATE,TCP_RAW,postgres,300,REGIONAL,900,1000,2589.41,450000,116786837,123109,113941
14,STATE,TCP_RAW,postgres,300,INTERCONTINENTAL,1000,2000,2699.52,450000,116230965,121233,112338
14,OPERATION,TCP_RAW,postgres,300,LOCAL,0,0,1373.90,450000,62453700,122506,113431
14,OPERATION,TCP_RAW,postgres,300,REGIONAL,900,1000,2306.98,450000,62428800,121575,112623
14,OPERATION,TCP_RAW,postgres,300,INTERCONTINENTAL,1000,2000,2539.83,450000,62464200,122648,113494
14,DELTA,TCP_RAW,postgres,300,LOCAL,0,0,1275.35,450000,49545876,122319,113216
14,DELTA,TCP_RAW,postgres,300,REGIONAL,900,1000,2362.01,450000,50040590,122546,113554
14,DELTA,TCP_RAW,postgres,300,INTERCONTINENTAL,1000,2000,2594.60,450000,50196872,124830,115451
14,STATE,GRPC,postgres,1,LOCAL,0,0,52.70,5,1252,417,390
14,STATE,GRPC,postgres,1,REGIONAL,900,1000,1007.38,5,1474,417,390
14,STATE,GRPC,postgres,1,INTERCONTINENTAL,1000,2000,1608.53,5,1363,417,390
14,OPERATION,GRPC,postgres,1,LOCAL,0,0,50.87,5,667,306,297
14,OPERATION,GRPC,postgres,1,REGIONAL,900,1000,1004.68,5,666,196,196
14,OPERATION,GRPC,postgres,1,INTERCONTINENTAL,1000,2000,1950.58,5,667,306,297
14,DELTA,GRPC,postgres,1,LOCAL,0,0,51.13,5,553,417,390
14,DELTA,GRPC,postgres,1,REGIONAL,900,1000,1035.14,5,576,417,390
14,DELTA,GRPC,postgres,1,INTERCONTINENTAL,1000,2000,1643.13,5,552,306,297
14,STATE,GRPC,postgres,100,LOCAL,0,0,809.90,50000,12501774,39540,36872
14,STATE,GRPC,postgres,100,REGIONAL,900,1000,1585.55,50000,12987327,40919,37928
14,STATE,GRPC,postgres,100,INTERCONTINENTAL,1000,2000,1999.50,49505,12661414,40712,37696
14,OPERATION,GRPC,postgres,100,LOCAL,0,0,655.33,50000,6866200,39655,36955
14,OPERATION,GRPC,postgres,100,REGIONAL,900,1000,1537.47,50000,6857300,40230,37437
14,OPERATION,GRPC,postgres,100,INTERCONTINENTAL,1000,2000,2036.69,50000,6849900,39907,37071
14,DELTA,GRPC,postgres,100,LOCAL,0,0,629.84,50000,5237008,36838,34452
14,DELTA,GRPC,postgres,100,REGIONAL,900,1000,1475.76,50000,5402798,39426,36721
14,DELTA,GRPC,postgres,100,INTERCONTINENTAL,1000,2000,2035.47,50000,5478687,41358,38372
14,STATE,GRPC,postgres,300,LOCAL,0,0,7781.56,450000,116399850,122919,113726
14,STATE,GRPC,postgres,300,REGIONAL,900,1000,8934.75,450000,117375447,123572,114316
14,STATE,GRPC,postgres,300,INTERCONTINENTAL,1000,2000,10641.80,450000,117573741,124122,114888
14,OPERATION,GRPC,postgres,300,LOCAL,0,0,6123.07,450000,62510700,122271,113157
14,OPERATION,GRPC,postgres,300,REGIONAL,900,1000,7698.83,450000,62382000,119088,110419
14,OPERATION,GRPC,postgres,300,INTERCONTINENTAL,1000,2000,8873.78,450000,62680800,123549,114467
14,DELTA,GRPC,postgres,300,LOCAL,0,0,5871.04,450000,50518167,126420,116860
14,DELTA,GRPC,postgres,300,REGIONAL,900,1000,7326.86,450000,50192989,123240,114175
14,DELTA,GRPC,postgres,300,INTERCONTINENTAL,1000,2000,7658.77,450000,49567185,121768,112841
14,STATE,WT,postgres,1,LOCAL,0,0,52.41,5,1030,306,297
14,STATE,WT,postgres,1,REGIONAL,900,1000,1006.55,5,1474,417,390
14,STATE,WT,postgres,1,INTERCONTINENTAL,1000,2000,1643.02,5,1363,417,390
14,OPERATION,WT,postgres,1,LOCAL,0,0,50.46,5,668,417,390
14,OPERATION,WT,postgres,1,REGIONAL,900,1000,1011.53,5,692,528,483
14,OPERATION,WT,postgres,1,INTERCONTINENTAL,1000,2000,1627.09,5,620,197,188
14,DELTA,WT,postgres,1,LOCAL,0,0,52.13,5,577,528,483
14,DELTA,WT,postgres,1,REGIONAL,900,1000,1009.69,5,577,528,483
14,DELTA,WT,postgres,1,INTERCONTINENTAL,1000,2000,1961.47,5,576,417,390
14,STATE,WT,postgres,100,LOCAL,0,0,664.31,50000,12606656,39431,36702
14,STATE,WT,postgres,100,REGIONAL,900,1000,1560.35,50000,13074351,40909,37989
14,STATE,WT,postgres,100,INTERCONTINENTAL,1000,2000,2031.81,50000,12833639,40673,37759
14,OPERATION,WT,postgres,100,LOCAL,0,0,502.33,50000,6835600,40238,37365
14,OPERATION,WT,postgres,100,REGIONAL,900,1000,1516.65,50000,6834100,39080,36416
14,OPERATION,WT,postgres,100,INTERCONTINENTAL,1000,2000,2025.62,50000,6860300,41253,38310
14,DELTA,WT,postgres,100,LOCAL,0,0,513.75,50000,5431787,40781,37851
14,DELTA,WT,postgres,100,REGIONAL,900,1000,1481.51,50000,5455388,40783,37863
14,DELTA,WT,postgres,100,INTERCONTINENTAL,1000,2000,2050.13,50000,5569293,41361,38430
14,STATE,WT,postgres,300,LOCAL,0,0,4875.42,450000,119748419,126776,117094
14,STATE,WT,postgres,300,REGIONAL,900,1000,5766.05,450000,117251843,124589,115305
14,STATE,WT,postgres,300,INTERCONTINENTAL,1000,2000,5917.03,450000,119374951,126086,116594
14,OPERATION,WT,postgres,300,LOCAL,0,0,3981.12,450000,62561700,121671,112825
14,OPERATION,WT,postgres,300,REGIONAL,900,1000,5032.76,450000,62623500,123307,114142
14,OPERATION,WT,postgres,300,INTERCONTINENTAL,1000,2000,5455.53,450000,62610900,122417,113404
14,DELTA,WT,postgres,300,LOCAL,0,0,3787.78,450000,50234384,123738,114620
14,DELTA,WT,postgres,300,REGIONAL,900,1000,5075.29,450000,50077471,124572,115225
14,DELTA,WT,postgres,300,INTERCONTINENTAL,1000,2000,5329.94,450000,49648193,120660,111896
15,STATE,WS,postgres,1,LOCAL,0,0,53.50,5,1585,528,483
15,STATE,WS,postgres,1,REGIONAL,900,1000,961.90,5,1474,417,390
15,STATE,WS,postgres,1,INTERCONTINENTAL,1000,2000,1585.47,5,701,197,188
15,OPERATION,WS,postgres,1,LOCAL,0,0,53.29,5,644,307,289
15,OPERATION,WS,postgres,1,REGIONAL,900,1000,1013.00,5,692,528,483
15,OPERATION,WS,postgres,1,INTERCONTINENTAL,1000,2000,1957.09,5,692,528,483
15,DELTA,WS,postgres,1,LOCAL,0,0,52.09,5,553,417,390
15,DELTA,WS,postgres,1,REGIONAL,900,1000,1047.43,5,553,417,390
15,DELTA,WS,postgres,1,INTERCONTINENTAL,1000,2000,1950.26,5,577,528,483
15,STATE,WS,postgres,100,LOCAL,0,0,371.22,50000,12795964,40100,37316
15,STATE,WS,postgres,100,REGIONAL,900,1000,1287.08,50000,12746264,39898,37121
15,STATE,WS,postgres,100,INTERCONTINENTAL,1000,2000,2030.69,50000,12788345,40791,37846
15,OPERATION,WS,postgres,100,LOCAL,0,0,264.27,50000,6846700,39426,36747
15,OPERATION,WS,postgres,100,REGIONAL,900,1000,1227.30,50000,6844700,39892,37117
15,OPERATION,WS,postgres,100,INTERCONTINENTAL,1000,2000,2068.17,50000,6857000,40459,37588
15,DELTA,WS,postgres,100,LOCAL,0,0,249.51,50000,5500401,40110,37368
15,DELTA,WS,postgres,100,REGIONAL,900,1000,1228.38,50000,5406992,40003,37183
15,DELTA,WS,postgres,100,INTERCONTINENTAL,1000,2000,2032.02,50000,5486489,40898,37974
15,STATE,WS,postgres,300,LOCAL,0,0,2417.84,450000,117221287,122511,113570
15,STATE,WS,postgres,300,REGIONAL,900,1000,3481.46,450000,115766587,119706,110968
15,STATE,WS,postgres,300,INTERCONTINENTAL,1000,2000,3646.17,450000,117993456,124076,114837
15,OPERATION,WS,postgres,300,LOCAL,0,0,1874.35,450000,62678100,122980,113902
15,OPERATION,WS,postgres,300,REGIONAL,900,1000,3245.08,450000,62686500,123548,114421
15,OPERATION,WS,postgres,300,INTERCONTINENTAL,1000,2000,3443.68,450000,62386200,120081,111392
15,DELTA,WS,postgres,300,LOCAL,0,0,2092.46,450000,50015974,124236,114941
15,DELTA,WS,postgres,300,REGIONAL,900,1000,3190.15,450000,50376276,125082,115717
15,DELTA,WS,postgres,300,INTERCONTINENTAL,1000,2000,3422.45,450000,50007583,123451,114316
15,STATE,TCP_RAW,postgres,1,LOCAL,0,0,51.50,5,1253,307,289
15,STATE,TCP_RAW,postgres,1,REGIONAL,900,1000,1006.42,5,481,87,87
15,STATE,TCP_RAW,postgres,1,INTERCONTINENTAL,1000,2000,1576.84,5,1141,306,297
15,OPERATION,TCP_RAW,postgres,1,LOCAL,0,0,50.36,5,668,417,390
15,OPERATION,TCP_RAW,postgres,1,REGIONAL,900,1000,1000.29,5,691,417,390
15,OPERATION,TCP_RAW,postgres,1,INTERCONTINENTAL,1000,2000,1972.67,5,692,528,483
15,DELTA,TCP_RAW,postgres,1,LOCAL,0,0,55.24,5,576,417,390
15,DELTA,TCP_RAW,postgres,1,REGIONAL,900,1000,1012.18,5,553,417,390
15,DELTA,TCP_RAW,postgres,1,INTERCONTINENTAL,1000,2000,1965.41,5,577,528,483
15,STATE,TCP_RAW,postgres,100,LOCAL,0,0,281.24,50000,13331034,42141,39051
15,STATE,TCP_RAW,postgres,100,REGIONAL,900,1000,1169.13,50000,13142237,41482,38432
15,STATE,TCP_RAW,postgres,100,INTERCONTINENTAL,1000,2000,2078.27,50000,12533444,39792,37015
15,OPERATION,TCP_RAW,postgres,100,LOCAL,0,0,159.10,50000,6831100,40141,37233
15,OPERATION,TCP_RAW,postgres,100,REGIONAL,900,1000,1130.67,50000,6861900,40568,37726
15,OPERATION,TCP_RAW,postgres,100,INTERCONTINENTAL,1000,2000,2106.26,50000,6867200,41023,38055
15,DELTA,TCP_RAW,postgres,100,LOCAL,0,0,186.95,50000,5466499,39904,37153
15,DELTA,TCP_RAW,postgres,100,REGIONAL,900,1000,1139.27,50000,5431994,39891,37099
15,DELTA,TCP_RAW,postgres,100,INTERCONTINENTAL,1000,2000,2078.53,50000,5507692,41026,38112
15,STATE,TCP_RAW,postgres,300,LOCAL,0,0,1621.41,450000,118140456,123690,114496
15,STATE,TCP_RAW,postgres,300,REGIONAL,900,1000,2592.43,450000,117787945,123970,114722
15,STATE,TCP_RAW,postgres,300,INTERCONTINENTAL,1000,2000,2726.29,450000,117216446,123766,114492
15,OPERATION,TCP_RAW,postgres,300,LOCAL,0,0,1339.50,450000,62501700,123121,113947
15,OPERATION,TCP_RAW,postgres,300,REGIONAL,900,1000,2238.57,450000,62544000,123188,113954
15,OPERATION,TCP_RAW,postgres,300,INTERCONTINENTAL,1000,2000,2498.09,450000,62621700,124582,115216
15,DELTA,TCP_RAW,postgres,300,LOCAL,0,0,1408.99,450000,49754969,123792,114488
15,DELTA,TCP_RAW,postgres,300,REGIONAL,900,1000,2275.71,450000,49651477,122627,113519
15,DELTA,TCP_RAW,postgres,300,INTERCONTINENTAL,1000,2000,2514.26,450000,49668285,122051,113076
15,STATE,GRPC,postgres,1,LOCAL,0,0,51.42,5,811,307,289
15,STATE,GRPC,postgres,1,REGIONAL,900,1000,1007.39,5,1474,417,390
15,STATE,GRPC,postgres,1,INTERCONTINENTAL,1000,2000,1596.56,5,1030,306,297
15,OPERATION,GRPC,postgres,1,LOCAL,0,0,51.61,5,620,197,188
15,OPERATION,GRPC,postgres,1,REGIONAL,900,1000,1045.96,5,668,417,390
15,OPERATION,GRPC,postgres,1,INTERCONTINENTAL,1000,2000,1967.41,5,667,306,297
15,DELTA,GRPC,postgres,1,LOCAL,0,0,49.53,5,576,417,390
15,DELTA,GRPC,postgres,1,REGIONAL,900,1000,1001.92,5,577,528,483
15,DELTA,GRPC,postgres,1,INTERCONTINENTAL,1000,2000,1862.45,5,575,306,297
15,STATE,GRPC,postgres,100,LOCAL,0,0,695.37,50000,12745441,40574,37700
15,STATE,GRPC,postgres,100,REGIONAL,900,1000,1588.57,50000,12346258,38873,36210
15,STATE,GRPC,postgres,100,INTERCONTINENTAL,1000,2000,2037.29,50000,12728624,40251,37336
15,OPERATION,GRPC,postgres,100,LOCAL,0,0,586.66,50000,6881900,41679,38729
15,OPERATION,GRPC,postgres,100,REGIONAL,900,1000,1481.33,50000,6817900,39211,36499
15,OPERATION,GRPC,postgres,100,INTERCONTINENTAL,1000,2000,2051.74,50000,6878100,42160,39052
15,DELTA,GRPC,postgres,100,LOCAL,0,0,572.48,50000,5473301,39765,37056
15,DELTA,GRPC,postgres,100,REGIONAL,900,1000,1485.74,50000,5509991,41253,38310
15,DELTA,GRPC,postgres,100,INTERCONTINENTAL,1000,2000,2059.00,50000,5405592,39890,37082
15,STATE,GRPC,postgres,300,LOCAL,0,0,7719.39,450000,116983951,123164,114026
15,STATE,GRPC,postgres,300,REGIONAL,900,1000,8842.54,450000,117052947,123437,114300
15,STATE,GRPC,postgres,300,INTERCONTINENTAL,1000,2000,9807.11,450000,117006754,122848,113770
15,OPERATION,GRPC,postgres,300,LOCAL,0,0,6285.85,450000,62611800,123983,114757
15,OPERATION,GRPC,postgres,300,REGIONAL,900,1000,7732.93,450000,62603700,123086,113946
15,OPERATION,GRPC,postgres,300,INTERCONTINENTAL,1000,2000,8411.77,450000,62527800,121116,112239
15,DELTA,GRPC,postgres,300,LOCAL,0,0,5853.60,450000,50234998,122585,113710
15,DELTA,GRPC,postgres,300,REGIONAL,900,1000,7081.33,450000,50021696,121924,113076
15,DELTA,GRPC,postgres,300,INTERCONTINENTAL,1000,2000,7927.82,450000,50644760,127578,117836
15,STATE,WT,postgres,1,LOCAL,0,0,53.27,5,1252,417,390
15,STATE,WT,postgres,1,REGIONAL,900,1000,995.22,5,1252,417,390
15,STATE,WT,postgres,1,INTERCONTINENTAL,1000,2000,1637.31,5,591,197,188
15,OPERATION,WT,postgres,1,LOCAL,0,0,51.09,5,668,417,390
15,OPERATION,WT,postgres,1,REGIONAL,900,1000,998.90,5,692,528,483
15,OPERATION,WT,postgres,1,INTERCONTINENTAL,1000,2000,1951.07,5,692,528,483
15,DELTA,WT,postgres,1,LOCAL,0,0,51.50,5,552,306,297
15,DELTA,WT,postgres,1,REGIONAL,900,1000,1002.92,5,577,528,483
15,DELTA,WT,postgres,1,INTERCONTINENTAL,1000,2000,1650.09,5,552,306,297
15,STATE,WT,postgres,100,LOCAL,0,0,672.35,50000,12860220,41480,38421
15,STATE,WT,postgres,100,REGIONAL,900,1000,1567.84,50000,13314740,42276,39155
15,STATE,WT,postgres,100,INTERCONTINENTAL,1000,2000,2061.36,50000,13107425,42267,39150
15,OPERATION,WT,postgres,100,LOCAL,0,0,522.78,50000,6877500,41262,38285
15,OPERATION,WT,postgres,100,REGIONAL,900,1000,1464.31,50000,6884300,41145,38248
15,OPERATION,WT,postgres,100,INTERCONTINENTAL,1000,2000,2062.50,50000,6830400,39222,36516
15,DELTA,WT,postgres,100,LOCAL,0,0,489.53,50000,5551092,41368,38423
15,DELTA,WT,postgres,100,REGIONAL,900,1000,1492.82,50000,5477695,40464,37626
15,DELTA,WT,postgres,100,INTERCONTINENTAL,1000,2000,2059.41,50000,5453578,41825,38705
15,STATE,WT,postgres,300,LOCAL,0,0,4812.02,450000,117173569,123086,113982
15,STATE,WT,postgres,300,REGIONAL,900,1000,6048.28,450000,117054167,122999,113811
15,STATE,WT,postgres,300,INTERCONTINENTAL,1000,2000,5965.13,450000,117216143,123885,114755
15,OPERATION,WT,postgres,300,LOCAL,0,0,3831.08,450000,62661300,123527,114439
15,OPERATION,WT,postgres,300,REGIONAL,900,1000,4973.45,450000,62563500,124171,114900
15,OPERATION,WT,postgres,300,INTERCONTINENTAL,1000,2000,5391.26,450000,62743800,125607,116163
15,DELTA,WT,postgres,300,LOCAL,0,0,3897.73,450000,50516062,127082,117418
15,DELTA,WT,postgres,300,REGIONAL,900,1000,4974.53,450000,49911295,121416,112624
15,DELTA,WT,postgres,300,INTERCONTINENTAL,1000,2000,5226.50,450000,49207486,120337,111529
16,STATE,WS,postgres,1,LOCAL,0,0,52.50,5,1363,417,390
16,STATE,WS,postgres,1,REGIONAL,900,1000,1012.56,5,1141,417,390
16,STATE,WS,postgres,1,INTERCONTINENTAL,1000,2000,1649.10,5,811,307,289
16,OPERATION,WS,postgres,1,LOCAL,0,0,51.02,5,691,417,390
16,OPERATION,WS,postgres,1,REGIONAL,900,1000,1018.33,5,691,417,390
16,OPERATION,WS,postgres,1,INTERCONTINENTAL,1000,2000,1968.72,5,691,417,390
16,DELTA,WS,postgres,1,LOCAL,0,0,51.97,5,335,197,188
16,DELTA,WS,postgres,1,REGIONAL,900,1000,1015.63,5,577,528,483
16,DELTA,WS,postgres,1,INTERCONTINENTAL,1000,2000,1965.86,5,553,417,390
16,STATE,WS,postgres,100,LOCAL,0,0,330.20,50000,12791158,39782,36990
16,STATE,WS,postgres,100,REGIONAL,900,1000,1282.59,50000,12884247,40130,37276
16,STATE,WS,postgres,100,INTERCONTINENTAL,1000,2000,2024.64,50000,12380249,39319,36648
16,OPERATION,WS,postgres,100,LOCAL,0,0,251.21,50000,6817600,39219,36511
16,OPERATION,WS,postgres,100,REGIONAL,900,1000,1259.81,50000,6869000,40332,37580
16,OPERATION,WS,postgres,100,INTERCONTINENTAL,1000,2000,2037.69,50000,6900900,41354,38407
16,DELTA,WS,postgres,100,LOCAL,0,0,241.73,50000,5442197,39778,37025
16,DELTA,WS,postgres,100,REGIONAL,900,1000,1229.55,50000,5330501,38308,35722
16,DELTA,WS,postgres,100,INTERCONTINENTAL,1000,2000,2044.40,50000,5276890,39003,36244
16,STATE,WS,postgres,300,LOCAL,0,0,2222.18,450000,117919346,123875,114697
16,STATE,WS,postgres,300,REGIONAL,900,1000,3435.54,450000,118719713,125525,115969
16,STATE,WS,postgres,300,INTERCONTINENTAL,1000,2000,3763.91,450000,115355866,121825,112955
16,OPERATION,WS,postgres,300,LOCAL,0,0,1926.49,450000,62530200,119755,111234
16,OPERATION,WS,postgres,300,REGIONAL,900,1000,3218.12,450000,62631600,120796,112053
16,OPERATION,WS,postgres,300,INTERCONTINENTAL,1000,2000,3450.10,450000,62547900,121704,112714
16,DELTA,WS,postgres,300,LOCAL,0,0,2038.20,450000,49813162,124843,115363
16,DELTA,WS,postgres,300,REGIONAL,900,1000,3140.13,450000,49510774,122755,113597
16,DELTA,WS,postgres,300,INTERCONTINENTAL,1000,2000,3632.08,450000,50309397,122646,113723
16,STATE,TCP_RAW,postgres,1,LOCAL,0,0,54.21,5,1252,417,390
16,STATE,TCP_RAW,postgres,1,REGIONAL,900,1000,963.37,5,1474,417,390
16,STATE,TCP_RAW,postgres,1,INTERCONTINENTAL,1000,2000,1629.92,5,1252,417,390
16,OPERATION,TCP_RAW,postgres,1,LOCAL,0,0,51.84,5,691,417,390
16,OPERATION,TCP_RAW,postgres,1,REGIONAL,900,1000,1010.35,5,690,306,297
16,OPERATION,TCP_RAW,postgres,1,INTERCONTINENTAL,1000,2000,1844.87,5,643,196,196
16,DELTA,TCP_RAW,postgres,1,LOCAL,0,0,52.05,5,552,306,297
16,DELTA,TCP_RAW,postgres,1,REGIONAL,900,1000,998.59,5,576,417,390
16,DELTA,TCP_RAW,postgres,1,INTERCONTINENTAL,1000,2000,1949.20,5,553,417,390
16,STATE,TCP_RAW,postgres,100,LOCAL,0,0,237.27,50000,12596254,39553,36838
16,STATE,TCP_RAW,postgres,100,REGIONAL,900,1000,1156.83,50000,13307939,42032,38969
16,STATE,TCP_RAW,postgres,100,INTERCONTINENTAL,1000,2000,2098.32,50000,12554747,40128,37321
16,OPERATION,TCP_RAW,postgres,100,LOCAL,0,0,174.32,50000,6840300,40119,37317
16,OPERATION,TCP_RAW,postgres,100,REGIONAL,900,1000,1145.17,50000,6838100,40238,37394
16,OPERATION,TCP_RAW,postgres,100,INTERCONTINENTAL,1000,2000,2095.25,50000,6882300,41488,38490
16,DELTA,TCP_RAW,postgres,100,LOCAL,0,0,182.56,50000,5373196,39339,36612
16,DELTA,TCP_RAW,postgres,100,REGIONAL,900,1000,1179.50,50000,5467290,40790,37882
16,DELTA,TCP_RAW,postgres,100,INTERCONTINENTAL,1000,2000,2074.01,50000,5538900,40441,37663
16,STATE,TCP_RAW,postgres,300,LOCAL,0,0,1704.89,450000,118595829,125649,116087
16,STATE,TCP_RAW,postgres,300,REGIONAL,900,1000,2510.28,450000,114217948,120685,111782
16,STATE,TCP_RAW,postgres,300,INTERCONTINENTAL,1000,2000,2810.82,450000,118340257,125712,116313
16,OPERATION,TCP_RAW,postgres,300,LOCAL,0,0,1403.87,450000,62626200,124828,115451
16,OPERATION,TCP_RAW,postgres,300,REGIONAL,900,1000,2281.64,450000,62644800,124933,115595
16,OPERATION,TCP_RAW,postgres,300,INTERCONTINENTAL,1000,2000,2506.23,450000,62493600,122716,113766
16,DELTA,TCP_RAW,postgres,300,LOCAL,0,0,1223.92,450000,49865075,123682,114445
16,DELTA,TCP_RAW,postgres,300,REGIONAL,900,1000,2277.74,450000,50014780,123430,114269
16,DELTA,TCP_RAW,postgres,300,INTERCONTINENTAL,1000,2000,2538.69,450000,50533476,125623,116220
16,STATE,GRPC,postgres,1,LOCAL,0,0,50.87,5,1585,528,483
16,STATE,GRPC,postgres,1,REGIONAL,900,1000,1004.34,5,1585,528,483
16,STATE,GRPC,postgres,1,INTERCONTINENTAL,1000,2000,1599.79,5,1585,528,483
16,OPERATION,GRPC,postgres,1,LOCAL,0,0,51.91,5,667,306,297
16,OPERATION,GRPC,postgres,1,REGIONAL,900,1000,1000.29,5,644,307,289
16,OPERATION,GRPC,postgres,1,INTERCONTINENTAL,1000,2000,1960.93,5,692,528,483
16,DELTA,GRPC,postgres,1,LOCAL,0,0,51.58,5,226,87,87
16,DELTA,GRPC,postgres,1,REGIONAL,900,1000,967.28,5,335,197,188
16,DELTA,GRPC,postgres,1,INTERCONTINENTAL,1000,2000,1955.73,5,577,528,483
16,STATE,GRPC,postgres,100,LOCAL,0,0,749.47,50000,12708447,40449,37620
16,STATE,GRPC,postgres,100,REGIONAL,900,1000,1574.34,50000,12786969,39777,37061
16,STATE,GRPC,postgres,100,INTERCONTINENTAL,1000,2000,2052.20,50000,12571667,39545,36852
16,OPERATION,GRPC,postgres,100,LOCAL,0,0,606.44,50000,6848400,40705,37756
16,OPERATION,GRPC,postgres,100,REGIONAL,900,1000,1483.33,50000,6814300,37741,35200
16,OPERATION,GRPC,postgres,100,INTERCONTINENTAL,1000,2000,2038.98,50000,6879500,41485,38460
16,DELTA,GRPC,postgres,100,LOCAL,0,0,571.59,50000,5461579,41934,38817
16,DELTA,GRPC,postgres,100,REGIONAL,900,1000,1538.13,50000,5394699,39107,36429
16,DELTA,GRPC,postgres,100,INTERCONTINENTAL,1000,2000,2053.31,50000,5370794,39445,36690
16,STATE,GRPC,postgres,300,LOCAL,0,0,7688.51,450000,118888942,125394,116012
16,STATE,GRPC,postgres,300,REGIONAL,900,1000,8734.92,450000,116640117,124253,114898
16,STATE,GRPC,postgres,300,INTERCONTINENTAL,1000,2000,10085.42,450000,118025529,124560,115192
16,OPERATION,GRPC,postgres,300,LOCAL,0,0,6250.78,450000,62803800,126216,116586
16,OPERATION,GRPC,postgres,300,REGIONAL,900,1000,7801.72,450000,62640900,122374,113380
16,OPERATION,GRPC,postgres,300,INTERCONTINENTAL,1000,2000,8562.84,450000,62728500,126696,117099
16,DELTA,GRPC,postgres,300,LOCAL,0,0,5685.94,450000,50067589,122666,113655
16,DELTA,GRPC,postgres,300,REGIONAL,900,1000,7088.09,450000,49456800,119663,111046
16,DELTA,GRPC,postgres,300,INTERCONTINENTAL,1000,2000,7799.86,450000,50227191,123086,114073
16,STATE,WT,postgres,1,LOCAL,0,0,51.69,5,1585,528,483
16,STATE,WT,postgres,1,REGIONAL,900,1000,1003.23,5,920,196,196
16,STATE,WT,postgres,1,INTERCONTINENTAL,1000,2000,1620.62,5,921,307,289
16,OPERATION,WT,postgres,1,LOCAL,0,0,51.18,5,668,417,390
16,OPERATION,WT,postgres,1,REGIONAL,900,1000,1004.08,5,692,528,483
16,OPERATION,WT,postgres,1,INTERCONTINENTAL,1000,2000,1951.61,5,667,306,297
16,DELTA,WT,postgres,1,LOCAL,0,0,51.49,5,444,307,289
16,DELTA,WT,postgres,1,REGIONAL,900,1000,1021.16,5,577,528,483
16,DELTA,WT,postgres,1,INTERCONTINENTAL,1000,2000,1952.17,5,444,307,289
16,STATE,WT,postgres,100,LOCAL,0,0,666.53,50000,13041733,41709,38684
16,STATE,WT,postgres,100,REGIONAL,900,1000,1534.28,50000,13184538,41809,38791
16,STATE,WT,postgres,100,INTERCONTINENTAL,1000,2000,2062.62,50000,12862944,40933,37999
16,OPERATION,WT,postgres,100,LOCAL,0,0,584.36,50000,6875600,39660,36909
16,OPERATION,WT,postgres,100,REGIONAL,900,1000,1466.07,50000,6824500,38643,36039
16,OPERATION,WT,postgres,100,INTERCONTINENTAL,1000,2000,2063.64,50000,6859600,40675,37771
16,DELTA,WT,postgres,100,LOCAL,0,0,507.21,50000,5399498,39420,36717
16,DELTA,WT,postgres,100,REGIONAL,900,1000,1491.97,50000,5314702,38203,35634
16,DELTA,WT,postgres,100,INTERCONTINENTAL,1000,2000,2052.45,50000,5502198,40351,37553
16,STATE,WT,postgres,300,LOCAL,0,0,4724.96,450000,115765352,122287,113303
16,STATE,WT,postgres,300,REGIONAL,900,1000,5788.80,450000,119029642,123927,114593
16,STATE,WT,postgres,300,INTERCONTINENTAL,1000,2000,6050.43,450000,118756366,123900,114696
16,OPERATION,WT,postgres,300,LOCAL,0,0,3989.68,450000,62738100,125025,115715
16,OPERATION,WT,postgres,300,REGIONAL,900,1000,4992.72,450000,62466900,122953,113831
16,OPERATION,WT,postgres,300,INTERCONTINENTAL,1000,2000,5299.73,450000,62760300,126664,116987
16,DELTA,WT,postgres,300,LOCAL,0,0,3833.10,450000,49625674,122871,113708
16,DELTA,WT,postgres,300,REGIONAL,900,1000,4938.64,450000,50134163,125538,116000
16,DELTA,WT,postgres,300,INTERCONTINENTAL,1000,2000,5263.41,450000,49773278,123060,113926
17,STATE,WS,postgres,1,LOCAL,0,0,51.84,5,919,306,297
17,STATE,WS,postgres,1,REGIONAL,900,1000,964.82,5,1030,306,297
17,STATE,WS,postgres,1,INTERCONTINENTAL,1000,2000,1653.87,5,1252,417,390
17,OPERATION,WS,postgres,1,LOCAL,0,0,52.09,5,668,417,390
17,OPERATION,WS,postgres,1,REGIONAL,900,1000,1014.33,5,667,306,297
17,OPERATION,WS,postgres,1,INTERCONTINENTAL,1000,2000,1962.66,5,692,528,483
17,DELTA,WS,postgres,1,LOCAL,0,0,52.01,5,577,528,483
17,DELTA,WS,postgres,1,REGIONAL,900,1000,1017.25,5,577,528,483
17,DELTA,WS,postgres,1,INTERCONTINENTAL,1000,2000,1858.40,5,552,306,297
17,STATE,WS,postgres,100,LOCAL,0,0,395.11,50000,12796653,40103,37289
17,STATE,WS,postgres,100,REGIONAL,900,1000,1262.66,50000,13022280,40448,37657
17,STATE,WS,postgres,100,INTERCONTINENTAL,1000,2000,2041.30,50000,13094873,40685,37849
17,OPERATION,WS,postgres,100,LOCAL,0,0,324.58,50000,6884500,41486,38452
17,OPERATION,WS,postgres,100,REGIONAL,900,1000,1215.85,50000,6849300,39545,36827
17,OPERATION,WS,postgres,100,INTERCONTINENTAL,1000,2000,2034.42,50000,6860000,40795,37895
17,DELTA,WS,postgres,100,LOCAL,0,0,248.48,50000,5448696,40002,37220
17,DELTA,WS,postgres,100,REGIONAL,900,1000,1203.81,50000,5352994,39213,36482
17,DELTA,WS,postgres,100,INTERCONTINENTAL,1000,2000,2020.03,50000,5396493,39886,37086
17,STATE,WS,postgres,300,LOCAL,0,0,2108.72,450000,117820061,122994,113865
17,STATE,WS,postgres,300,REGIONAL,900,1000,3398.63,450000,119770056,126307,116786
17,STATE,WS,postgres,300,INTERCONTINENTAL,1000,2000,3723.94,450000,116539673,121711,112771
17,OPERATION,WS,postgres,300,LOCAL,0,0,2094.17,450000,62493000,123309,114092
17,OPERATION,WS,postgres,300,REGIONAL,900,1000,3144.52,450000,62480100,118913,110576
17,OPERATION,WS,postgres,300,INTERCONTINENTAL,1000,2000,3468.23,450000,62292300,120544,111702
17,DELTA,WS,postgres,300,LOCAL,0,0,2192.41,450000,50062786,123064,114019
17,DELTA,WS,postgres,300,REGIONAL,900,1000,3282.80,450000,49979081,123432,114286
17,DELTA,WS,postgres,300,INTERCONTINENTAL,1000,2000,3387.02,450000,50231976,124570,115274
17,STATE,TCP_RAW,postgres,1,LOCAL,0,0,54.11,5,1142,307,289
17,STATE,TCP_RAW,postgres,1,REGIONAL,900,1000,1004.73,5,1141,417,390
17,STATE,TCP_RAW,postgres,1,INTERCONTINENTAL,1000,2000,1589.94,5,1474,417,390
17,OPERATION,TCP_RAW,postgres,1,LOCAL,0,0,53.26,5,644,307,289
17,OPERATION,TCP_RAW,postgres,1,REGIONAL,900,1000,1048.79,5,668,417,390
17,OPERATION,TCP_RAW,postgres,1,INTERCONTINENTAL,1000,2000,1959.67,5,668,417,390
17,DELTA,TCP_RAW,postgres,1,LOCAL,0,0,51.46,5,553,417,390
17,DELTA,TCP_RAW,postgres,1,REGIONAL,900,1000,964.22,5,226,87,87
17,DELTA,TCP_RAW,postgres,1,INTERCONTINENTAL,1000,2000,1893.84,5,552,306,297
17,STATE,TCP_RAW,postgres,100,LOCAL,0,0,224.70,50000,12800066,39663,36942
17,STATE,TCP_RAW,postgres,100,REGIONAL,900,1000,1199.31,50000,12741944,40668,37834
17,STATE,TCP_RAW,postgres,100,INTERCONTINENTAL,1000,2000,2101.21,50000,12418467,39643,36949
17,OPERATION,TCP_RAW,postgres,100,LOCAL,0,0,202.04,50000,6832100,39648,36933
17,OPERATION,TCP_RAW,postgres,100,REGIONAL,900,1000,1143.19,50000,6857100,40121,37299
17,OPERATION,TCP_RAW,postgres,100,INTERCONTINENTAL,1000,2000,2096.08,50000,6829300,38535,35892
17,DELTA,TCP_RAW,postgres,100,LOCAL,0,0,208.80,50000,5406690,40213,37364
17,DELTA,TCP_RAW,postgres,100,REGIONAL,900,1000,1171.04,50000,5333495,38971,36277
17,DELTA,TCP_RAW,postgres,100,INTERCONTINENTAL,1000,2000,2051.99,50000,5430991,40450,37584
17,STATE,TCP_RAW,postgres,300,LOCAL,0,0,1673.02,450000,116480855,121925,112883
17,STATE,TCP_RAW,postgres,300,REGIONAL,900,1000,2501.48,450000,113579896,119046,110517
17,STATE,TCP_RAW,postgres,300,INTERCONTINENTAL,1000,2000,2761.85,450000,118087596,125515,115974
17,OPERATION,TCP_RAW,postgres,300,LOCAL,0,0,1321.39,450000,62590200,123911,114682
17,OPERATION,TCP_RAW,postgres,300,REGIONAL,900,1000,2252.06,450000,62614500,124248,114919
17,OPERATION,TCP_RAW,postgres,300,INTERCONTINENTAL,1000,2000,2491.60,450000,62504400,121945,112963
17,DELTA,TCP_RAW,postgres,300,LOCAL,0,0,1233.54,450000,50393368,125860,116352
17,DELTA,TCP_RAW,postgres,300,REGIONAL,900,1000,2221.65,450000,49919381,123063,113964
17,DELTA,TCP_RAW,postgres,300,INTERCONTINENTAL,1000,2000,2530.26,450000,49634378,122507,113419
17,STATE,GRPC,postgres,1,LOCAL,0,0,51.39,5,1474,417,390
17,STATE,GRPC,postgres,1,REGIONAL,900,1000,998.71,5,1585,528,483
17,STATE,GRPC,postgres,1,INTERCONTINENTAL,1000,2000,1632.12,5,1585,528,483
17,OPERATION,GRPC,postgres,1,LOCAL,0,0,51.58,5,644,307,289
17,OPERATION,GRPC,postgres,1,REGIONAL,900,1000,1001.93,5,692,528,483
17,OPERATION,GRPC,postgres,1,INTERCONTINENTAL,1000,2000,1943.08,5,668,417,390
17,DELTA,GRPC,postgres,1,LOCAL,0,0,53.82,5,553,417,390
17,DELTA,GRPC,postgres,1,REGIONAL,900,1000,1000.07,5,443,196,196
17,DELTA,GRPC,postgres,1,INTERCONTINENTAL,1000,2000,1973.12,5,444,307,289
17,STATE,GRPC,postgres,100,LOCAL,0,0,688.89,50000,12680865,39871,37165
17,STATE,GRPC,postgres,100,REGIONAL,900,1000,1578.07,50000,12464562,38781,36149
17,STATE,GRPC,postgres,100,INTERCONTINENTAL,1000,2000,2030.33,50000,12858255,40016,37178
17,OPERATION,GRPC,postgres,100,LOCAL,0,0,576.19,50000,6852300,40014,37199
17,OPERATION,GRPC,postgres,100,REGIONAL,900,1000,1536.87,50000,6871900,40575,37721
17,OPERATION,GRPC,postgres,100,INTERCONTINENTAL,1000,2000,2025.92,50000,6862500,41254,38300
17,DELTA,GRPC,postgres,100,LOCAL,0,0,584.58,50000,5465398,39780,37036
17,DELTA,GRPC,postgres,100,REGIONAL,900,1000,1531.83,50000,5477794,40438,37607
17,DELTA,GRPC,postgres,100,INTERCONTINENTAL,1000,2000,2016.05,50000,5489298,40116,37343
17,STATE,GRPC,postgres,300,LOCAL,0,0,7785.14,450000,117615155,123798,114580
17,STATE,GRPC,postgres,300,REGIONAL,900,1000,8712.65,450000,116236661,122505,113531
17,STATE,GRPC,postgres,300,INTERCONTINENTAL,1000,2000,9461.29,450000,115854759,122176,113122
17,OPERATION,GRPC,postgres,300,LOCAL,0,0,6336.98,450000,62470500,121486,112629
17,OPERATION,GRPC,postgres,300,REGIONAL,900,1000,7941.39,450000,62413200,120894,112058
17,OPERATION,GRPC,postgres,300,INTERCONTINENTAL,1000,2000,8511.04,450000,62648400,123772,114674
17,DELTA,GRPC,postgres,300,LOCAL,0,0,5642.70,450000,49540191,120912,112101
17,DELTA,GRPC,postgres,300,REGIONAL,900,1000,7156.14,450000,49918795,121836,112978
17,DELTA,GRPC,postgres,300,INTERCONTINENTAL,1000,2000,7719.33,450000,49534179,122072,113032
17,STATE,WT,postgres,1,LOCAL,0,0,51.63,5,1363,417,390
17,STATE,WT,postgres,1,REGIONAL,900,1000,1001.00,5,1141,417,390
17,STATE,WT,postgres,1,INTERCONTINENTAL,1000,2000,1635.49,5,811,307,289
17,OPERATION,WT,postgres,1,LOCAL,0,0,51.62,5,692,528,483
17,OPERATION,WT,postgres,1,REGIONAL,900,1000,1043.04,5,691,417,390
17,OPERATION,WT,postgres,1,INTERCONTINENTAL,1000,2000,1951.18,5,691,417,390
17,DELTA,WT,postgres,1,LOCAL,0,0,52.78,5,553,417,390
17,DELTA,WT,postgres,1,REGIONAL,900,1000,1002.62,5,552,306,297
17,DELTA,WT,postgres,1,INTERCONTINENTAL,1000,2000,1946.46,5,577,528,483
17,STATE,WT,postgres,100,LOCAL,0,0,648.03,50000,12646240,39453,36707
17,STATE,WT,postgres,100,REGIONAL,900,1000,1564.49,50000,12946869,40910,38036
17,STATE,WT,postgres,100,INTERCONTINENTAL,1000,2000,2042.33,50000,12961647,41370,38404
17,OPERATION,WT,postgres,100,LOCAL,0,0,497.04,50000,6889400,41032,38118
17,OPERATION,WT,postgres,100,REGIONAL,900,1000,1470.60,50000,6849100,39225,36461
17,OPERATION,WT,postgres,100,INTERCONTINENTAL,1000,2000,2050.11,50000,6874500,41133,38156
17,DELTA,WT,postgres,100,LOCAL,0,0,513.39,50000,5461307,39096,36499
17,DELTA,WT,postgres,100,REGIONAL,900,1000,1489.93,50000,5562595,41237,38340
17,DELTA,WT,postgres,100,INTERCONTINENTAL,1000,2000,2065.79,50000,5456780,41704,38617
17,STATE,WT,postgres,300,LOCAL,0,0,4822.48,450000,117681463,122843,113692
17,STATE,WT,postgres,300,REGIONAL,900,1000,5698.82,450000,117813157,124089,114834
17,STATE,WT,postgres,300,INTERCONTINENTAL,1000,2000,5895.12,450000,115949878,121260,112415
17,OPERATION,WT,postgres,300,LOCAL,0,0,3925.34,450000,62693400,125322,115849
17,OPERATION,WT,postgres,300,REGIONAL,900,1000,5104.60,450000,62335200,121304,112395
17,OPERATION,WT,postgres,300,INTERCONTINENTAL,1000,2000,5338.55,450000,62646300,124949,115499
17,DELTA,WT,postgres,300,LOCAL,0,0,3943.53,450000,50197173,124573,115232
17,DELTA,WT,postgres,300,REGIONAL,900,1000,5013.52,450000,50360080,124709,115429
17,DELTA,WT,postgres,300,INTERCONTINENTAL,1000,2000,5270.30,450000,49292992,120027,111334
18,STATE,WS,postgres,1,LOCAL,0,0,51.04,5,1032,307,289
18,STATE,WS,postgres,1,REGIONAL,900,1000,964.11,5,1474,417,390
18,STATE,WS,postgres,1,INTERCONTINENTAL,1000,2000,1579.09,5,1141,306,297
18,OPERATION,WS,postgres,1,LOCAL,0,0,53.09,5,668,417,390
18,OPERATION,WS,postgres,1,REGIONAL,900,1000,1005.13,5,620,197,188
18,OPERATION,WS,postgres,1,INTERCONTINENTAL,1000,2000,1975.26,5,692,528,483
18,DELTA,WS,postgres,1,LOCAL,0,0,51.70,5,553,417,390
18,DELTA,WS,postgres,1,REGIONAL,900,1000,1006.56,5,553,417,390
18,DELTA,WS,postgres,1,INTERCONTINENTAL,1000,2000,1970.98,5,577,528,483
18,STATE,WS,postgres,100,LOCAL,0,0,347.57,50000,12446157,38974,36306
18,STATE,WS,postgres,100,REGIONAL,900,1000,1273.55,50000,12947245,40567,37678
18,STATE,WS,postgres,100,INTERCONTINENTAL,1000,2000,2036.30,50000,12537067,38975,36355
18,OPERATION,WS,postgres,100,LOCAL,0,0,280.48,50000,6835000,38550,35986
18,OPERATION,WS,postgres,100,REGIONAL,900,1000,1284.08,50000,6853900,39662,36890
18,OPERATION,WS,postgres,100,INTERCONTINENTAL,1000,2000,2037.19,50000,6851800,39885,37125
18,DELTA,WS,postgres,100,LOCAL,0,0,292.66,50000,5421393,40136,37308
18,DELTA,WS,postgres,100,REGIONAL,900,1000,1224.07,50000,5446693,40347,37503
18,DELTA,WS,postgres,100,INTERCONTINENTAL,1000,2000,2056.78,50000,5434091,40352,37486
18,STATE,WS,postgres,300,LOCAL,0,0,2254.27,450000,118322845,125605,116181
18,STATE,WS,postgres,300,REGIONAL,900,1000,3387.28,450000,116505140,122641,113537
18,STATE,WS,postgres,300,INTERCONTINENTAL,1000,2000,3754.36,450000,115751844,122494,113459
18,OPERATION,WS,postgres,300,LOCAL,0,0,2077.24,450000,62706300,126292,116711
18,OPERATION,WS,postgres,300,REGIONAL,900,1000,3238.50,450000,62465700,122366,113345
18,OPERATION,WS,postgres,300,INTERCONTINENTAL,1000,2000,3471.86,450000,62453400,121149,112289
18,DELTA,WS,postgres,300,LOCAL,0,0,2077.49,450000,49775974,123490,114246
18,DELTA,WS,postgres,300,REGIONAL,900,1000,3302.13,450000,49754372,123676,114412
18,DELTA,WS,postgres,300,INTERCONTINENTAL,1000,2000,3483.39,450000,50331266,126439,116859
18,STATE,TCP_RAW,postgres,1,LOCAL,0,0,52.12,5,1585,528,483
18,STATE,TCP_RAW,postgres,1,REGIONAL,900,1000,964.01,5,1141,306,297
18,STATE,TCP_RAW,postgres,1,INTERCONTINENTAL,1000,2000,1645.54,5,1141,417,390
18,OPERATION,TCP_RAW,postgres,1,LOCAL,0,0,52.71,5,667,306,297
18,OPERATION,TCP_RAW,postgres,1,REGIONAL,900,1000,998.03,5,692,528,483
18,OPERATION,TCP_RAW,postgres,1,INTERCONTINENTAL,1000,2000,1948.73,5,667,306,297
18,DELTA,TCP_RAW,postgres,1,LOCAL,0,0,52.48,5,553,417,390
18,DELTA,TCP_RAW,postgres,1,REGIONAL,900,1000,1012.11,5,577,528,483
18,DELTA,TCP_RAW,postgres,1,INTERCONTINENTAL,1000,2000,1862.84,5,553,417,390
18,STATE,TCP_RAW,postgres,100,LOCAL,0,0,244.89,50000,12619249,39778,36966
18,STATE,TCP_RAW,postgres,100,REGIONAL,900,1000,1172.28,50000,12553351,40016,37210
18,STATE,TCP_RAW,postgres,100,INTERCONTINENTAL,1000,2000,2098.77,50000,12861138,40811,37867
18,OPERATION,TCP_RAW,postgres,100,LOCAL,0,0,206.65,50000,6814000,40019,37152
18,OPERATION,TCP_RAW,postgres,100,REGIONAL,900,1000,1155.57,50000,6889800,42160,39077
18,OPERATION,TCP_RAW,postgres,100,INTERCONTINENTAL,1000,2000,2113.37,50000,6835800,40232,37392
18,DELTA,TCP_RAW,postgres,100,LOCAL,0,0,177.77,50000,5337095,38992,36287
18,DELTA,TCP_RAW,postgres,100,REGIONAL,900,1000,1135.43,50000,5437497,39778,37026
18,DELTA,TCP_RAW,postgres,100,INTERCONTINENTAL,1000,2000,2115.12,50000,5478698,40000,37242
18,STATE,TCP_RAW,postgres,300,LOCAL,0,0,1615.41,450000,117982346,124512,115135
18,STATE,TCP_RAW,postgres,300,REGIONAL,900,1000,2568.18,450000,114863868,120657,111771
18,STATE,TCP_RAW,postgres,300,INTERCONTINENTAL,1000,2000,2773.46,450000,118783065,124720,115416
18,OPERATION,TCP_RAW,postgres,300,LOCAL,0,0,1370.39,450000,62625300,124152,114869
18,OPERATION,TCP_RAW,postgres,300,REGIONAL,900,1000,2216.79,450000,62540400,122041,113051
18,OPERATION,TCP_RAW,postgres,300,INTERCONTINENTAL,1000,2000,2495.05,450000,62666700,123887,114645
18,DELTA,TCP_RAW,postgres,300,LOCAL,0,0,1323.31,450000,49782273,123458,114227
18,DELTA,TCP_RAW,postgres,300,REGIONAL,900,1000,2223.51,450000,49214091,119978,111255
18,DELTA,TCP_RAW,postgres,300,INTERCONTINENTAL,1000,2000,2525.11,450000,50050168,125039,115615
18,STATE,GRPC,postgres,1,LOCAL,0,0,51.62,5,1585,528,483
18,STATE,GRPC,postgres,1,REGIONAL,900,1000,995.01,5,1252,417,390
18,STATE,GRPC,postgres,1,INTERCONTINENTAL,1000,2000,1626.99,5,1585,528,483
18,OPERATION,GRPC,postgres,1,LOCAL,0,0,50.31,5,690,306,297
18,OPERATION,GRPC,postgres,1,REGIONAL,900,1000,1009.63,5,643,196,196
18,OPERATION,GRPC,postgres,1,INTERCONTINENTAL,1000,2000,1962.23,5,667,306,297
18,DELTA,GRPC,postgres,1,LOCAL,0,0,50.65,5,577,528,483
18,DELTA,GRPC,postgres,1,REGIONAL,900,1000,1001.25,5,577,528,483
18,DELTA,GRPC,postgres,1,INTERCONTINENTAL,1000,2000,1638.77,5,443,196,196
18,STATE,GRPC,postgres,100,LOCAL,0,0,695.75,50000,12752469,39998,37257
18,STATE,GRPC,postgres,100,REGIONAL,900,1000,1583.45,50000,12456873,38639,36076
18,STATE,GRPC,postgres,100,INTERCONTINENTAL,1000,2000,2033.52,50000,12967557,41011,38135
18,OPERATION,GRPC,postgres,100,LOCAL,0,0,525.97,50000,6854200,39329,36643
18,OPERATION,GRPC,postgres,100,REGIONAL,900,1000,1490.56,50000,6799600,37850,35335
18,OPERATION,GRPC,postgres,100,INTERCONTINENTAL,1000,2000,2023.90,50000,6837400,39769,36992
18,DELTA,GRPC,postgres,100,LOCAL,0,0,588.83,50000,5482986,41496,38478
18,DELTA,GRPC,postgres,100,REGIONAL,900,1000,1536.50,50000,5385901,38852,36228
18,DELTA,GRPC,postgres,100,INTERCONTINENTAL,1000,2000,2025.39,50000,5531094,41009,38123
18,STATE,GRPC,postgres,300,LOCAL,0,0,7537.51,450000,117367375,122795,113700
18,STATE,GRPC,postgres,300,REGIONAL,900,1000,8961.15,450000,119821028,126565,116954
18,STATE,GRPC,postgres,300,INTERCONTINENTAL,1000,2000,9840.82,450000,118290709,124737,115347
18,OPERATION,GRPC,postgres,300,LOCAL,0,0,6239.14,450000,62602200,121949,112988
18,OPERATION,GRPC,postgres,300,REGIONAL,900,1000,8009.46,450000,62626800,121336,112479
18,OPERATION,GRPC,postgres,300,INTERCONTINENTAL,1000,2000,8479.30,450000,62693100,125121,115773
18,DELTA,GRPC,postgres,300,LOCAL,0,0,5611.42,450000,49358991,120484,111701
18,DELTA,GRPC,postgres,300,REGIONAL,900,1000,7222.73,450000,50238886,123852,114741
18,DELTA,GRPC,postgres,300,INTERCONTINENTAL,1000,2000,7931.62,450000,50129374,124584,115252
18,STATE,WT,postgres,1,LOCAL,0,0,51.76,5,700,196,196
18,STATE,WT,postgres,1,REGIONAL,900,1000,1010.00,5,1585,528,483
18,STATE,WT,postgres,1,INTERCONTINENTAL,1000,2000,1555.79,5,1253,307,289
18,OPERATION,WT,postgres,1,LOCAL,0,0,53.32,5,644,307,289
18,OPERATION,WT,postgres,1,REGIONAL,900,1000,1005.01,5,668,417,390
18,OPERATION,WT,postgres,1,INTERCONTINENTAL,1000,2000,1955.44,5,691,417,390
18,DELTA,WT,postgres,1,LOCAL,0,0,51.64,5,553,417,390
18,DELTA,WT,postgres,1,REGIONAL,900,1000,1008.19,5,576,417,390
18,DELTA,WT,postgres,1,INTERCONTINENTAL,1000,2000,1987.66,5,577,528,483
18,STATE,WT,postgres,100,LOCAL,0,0,684.19,50000,12635337,39786,37010
18,STATE,WT,postgres,100,REGIONAL,900,1000,1565.84,50000,12944300,40003,37296
18,STATE,WT,postgres,100,INTERCONTINENTAL,1000,2000,2024.41,50000,12506737,39554,36744
18,OPERATION,WT,postgres,100,LOCAL,0,0,546.36,50000,6851200,39425,36728
18,OPERATION,WT,postgres,100,REGIONAL,900,1000,1491.25,50000,6836800,38985,36349
18,OPERATION,WT,postgres,100,INTERCONTINENTAL,1000,2000,2022.35,50000,6874300,40800,37878
18,DELTA,WT,postgres,100,LOCAL,0,0,473.49,50000,5309895,38760,36080
18,DELTA,WT,postgres,100,REGIONAL,900,1000,1509.96,50000,5379892,39902,37087
18,DELTA,WT,postgres,100,INTERCONTINENTAL,1000,2000,2016.40,50000,5569091,41577,38612
18,STATE,WT,postgres,300,LOCAL,0,0,4930.72,450000,117785238,124207,114984
18,STATE,WT,postgres,300,REGIONAL,900,1000,5843.21,450000,118269430,124494,115110
18,STATE,WT,postgres,300,INTERCONTINENTAL,1000,2000,5930.54,450000,118933972,125417,116006
18,OPERATION,WT,postgres,300,LOCAL,0,0,3998.97,450000,62509200,124457,115198
18,OPERATION,WT,postgres,300,REGIONAL,900,1000,5198.16,450000,62438700,121938,113033
18,OPERATION,WT,postgres,300,INTERCONTINENTAL,1000,2000,5424.22,450000,62553000,122534,113523
18,DELTA,WT,postgres,300,LOCAL,0,0,3827.88,450000,49824895,121339,112539
18,DELTA,WT,postgres,300,REGIONAL,900,1000,5116.46,450000,50399685,124311,115137
18,DELTA,WT,postgres,300,INTERCONTINENTAL,1000,2000,5157.99,450000,50035770,124597,115227
19,STATE,WS,postgres,1,LOCAL,0,0,52.59,5,811,307,289
19,STATE,WS,postgres,1,REGIONAL,900,1000,1006.15,5,1474,417,390
19,STATE,WS,postgres,1,INTERCONTINENTAL,1000,2000,1645.90,5,1585,528,483
19,OPERATION,WS,postgres,1,LOCAL,0,0,50.40,5,668,417,390
19,OPERATION,WS,postgres,1,REGIONAL,900,1000,1010.64,5,666,196,196
19,OPERATION,WS,postgres,1,INTERCONTINENTAL,1000,2000,1962.13,5,691,417,390
19,DELTA,WS,postgres,1,LOCAL,0,0,52.36,5,575,306,297
19,DELTA,WS,postgres,1,REGIONAL,900,1000,1014.90,5,577,528,483
19,DELTA,WS,postgres,1,INTERCONTINENTAL,1000,2000,1971.00,5,553,417,390
19,STATE,WS,postgres,100,LOCAL,0,0,389.45,50000,12492257,39547,36862
19,STATE,WS,postgres,100,REGIONAL,900,1000,1291.29,50000,12798551,40902,37994
19,STATE,WS,postgres,100,INTERCONTINENTAL,1000,2000,1996.36,50000,12709569,39445,36773
19,OPERATION,WS,postgres,100,LOCAL,0,0,360.63,50000,6872500,41583,38587
19,OPERATION,WS,postgres,100,REGIONAL,900,1000,1268.69,50000,6887000,42034,38951
19,OPERATION,WS,postgres,100,INTERCONTINENTAL,1000,2000,2048.02,50000,6857300,40356,37480
19,DELTA,WS,postgres,100,LOCAL,0,0,280.89,50000,5570177,43057,39824
19,DELTA,WS,postgres,100,REGIONAL,900,1000,1278.37,50000,5446789,40782,37870
19,DELTA,WS,postgres,100,INTERCONTINENTAL,1000,2000,2054.23,50000,5512294,40798,37925
19,STATE,WS,postgres,300,LOCAL,0,0,2256.40,450000,117683885,121908,112994
19,STATE,WS,postgres,300,REGIONAL,900,1000,3318.98,450000,115978968,122283,113311
19,STATE,WS,postgres,300,INTERCONTINENTAL,1000,2000,3732.48,450000,116445461,122685,113694
19,OPERATION,WS,postgres,300,LOCAL,0,0,2074.92,450000,62547600,122238,113323
19,OPERATION,WS,postgres,300,REGIONAL,900,1000,3165.19,450000,62589600,123003,113923
19,OPERATION,WS,postgres,300,INTERCONTINENTAL,1000,2000,3446.43,450000,62384100,121586,112606
19,DELTA,WS,postgres,300,LOCAL,0,0,2006.89,450000,50047197,121783,112965
19,DELTA,WS,postgres,300,REGIONAL,900,1000,3239.01,450000,49878588,122607,113620
19,DELTA,WS,postgres,300,INTERCONTINENTAL,1000,2000,3381.67,450000,50230478,124458,115195
19,STATE,TCP_RAW,postgres,1,LOCAL,0,0,51.15,5,1252,417,390
19,STATE,TCP_RAW,postgres,1,REGIONAL,900,1000,988.50,5,1141,417,390
19,STATE,TCP_RAW,postgres,1,INTERCONTINENTAL,1000,2000,1573.65,5,920,196,196
19,OPERATION,TCP_RAW,postgres,1,LOCAL,0,0,50.93,5,643,196,196
19,OPERATION,TCP_RAW,postgres,1,REGIONAL,900,1000,998.97,5,643,196,196
19,OPERATION,TCP_RAW,postgres,1,INTERCONTINENTAL,1000,2000,1963.64,5,668,417,390
19,DELTA,TCP_RAW,postgres,1,LOCAL,0,0,55.46,5,553,417,390
19,DELTA,TCP_RAW,postgres,1,REGIONAL,900,1000,1015.86,5,577,528,483
19,DELTA,TCP_RAW,postgres,1,INTERCONTINENTAL,1000,2000,1853.65,5,553,417,390
19,STATE,TCP_RAW,postgres,100,LOCAL,0,0,301.37,50000,12653238,40227,37408
19,STATE,TCP_RAW,postgres,100,REGIONAL,900,1000,1191.01,50000,12497751,39326,36557
19,STATE,TCP_RAW,postgres,100,INTERCONTINENTAL,1000,2000,2086.20,50000,13297948,42037,38981
19,OPERATION,TCP_RAW,postgres,100,LOCAL,0,0,230.09,50000,6856700,39658,36902
19,OPERATION,TCP_RAW,postgres,100,REGIONAL,900,1000,1146.30,50000,6848400,40921,37968
19,OPERATION,TCP_RAW,postgres,100,INTERCONTINENTAL,1000,2000,2087.21,50000,6861500,39873,37148
19,DELTA,TCP_RAW,postgres,100,LOCAL,0,0,213.60,50000,5445297,39659,36920
19,DELTA,TCP_RAW,postgres,100,REGIONAL,900,1000,1127.16,50000,5320589,39444,36643
19,DELTA,TCP_RAW,postgres,100,INTERCONTINENTAL,1000,2000,2112.13,50000,5320195,38867,36178
19,STATE,TCP_RAW,postgres,300,LOCAL,0,0,1721.80,450000,118085498,124923,115415
19,STATE,TCP_RAW,postgres,300,REGIONAL,900,1000,2603.66,450000,115983483,120667,111957
19,STATE,TCP_RAW,postgres,300,INTERCONTINENTAL,1000,2000,2762.57,450000,117236827,123823,114556
19,OPERATION,TCP_RAW,postgres,300,LOCAL,0,0,1318.25,450000,62588400,122599,113641
19,OPERATION,TCP_RAW,postgres,300,REGIONAL,900,1000,2235.10,450000,62617800,124832,115406
19,OPERATION,TCP_RAW,postgres,300,INTERCONTINENTAL,1000,2000,2478.23,450000,62616000,123581,114472
19,DELTA,TCP_RAW,postgres,300,LOCAL,0,0,1277.86,450000,49587592,120762,111984
19,DELTA,TCP_RAW,postgres,300,REGIONAL,900,1000,2255.08,450000,50111683,123694,114579
19,DELTA,TCP_RAW,postgres,300,INTERCONTINENTAL,1000,2000,2567.34,450000,50363963,126448,116833
19,STATE,GRPC,postgres,1,LOCAL,0,0,52.60,5,1474,417,390
19,STATE,GRPC,postgres,1,REGIONAL,900,1000,1009.55,5,1363,417,390
19,STATE,GRPC,postgres,1,INTERCONTINENTAL,1000,2000,1589.87,5,1031,307,289
19,OPERATION,GRPC,postgres,1,LOCAL,0,0,50.52,5,691,417,390
19,OPERATION,GRPC,postgres,1,REGIONAL,900,1000,1050.92,5,691,417,390
19,OPERATION,GRPC,postgres,1,INTERCONTINENTAL,1000,2000,1950.95,5,668,417,390
19,DELTA,GRPC,postgres,1,LOCAL,0,0,53.15,5,553,417,390
19,DELTA,GRPC,postgres,1,REGIONAL,900,1000,1006.35,5,226,87,87
19,DELTA,GRPC,postgres,1,INTERCONTINENTAL,1000,2000,1644.05,5,552,306,297
19,STATE,GRPC,postgres,100,LOCAL,0,0,675.24,50000,12357751,38873,36153
19,STATE,GRPC,postgres,100,REGIONAL,900,1000,1588.35,50000,12765947,40677,37836
19,STATE,GRPC,postgres,100,INTERCONTINENTAL,1000,2000,2033.24,50000,13234143,41824,38742
19,OPERATION,GRPC,postgres,100,LOCAL,0,0,535.73,50000,6864000,39670,36964
19,OPERATION,GRPC,postgres,100,REGIONAL,900,1000,1544.37,50000,6845300,40458,37569
19,OPERATION,GRPC,postgres,100,INTERCONTINENTAL,1000,2000,2037.57,50000,6824600,38429,35839
19,DELTA,GRPC,postgres,100,LOCAL,0,0,572.58,50000,5436487,40692,37761
19,DELTA,GRPC,postgres,100,REGIONAL,900,1000,1534.34,50000,5431999,39547,36835
19,DELTA,GRPC,postgres,100,INTERCONTINENTAL,1000,2000,2038.77,50000,5400704,38647,36062
19,STATE,GRPC,postgres,300,LOCAL,0,0,7718.70,450000,118666370,125152,115870
19,STATE,GRPC,postgres,300,REGIONAL,900,1000,8748.36,450000,116942558,122276,113205
19,STATE,GRPC,postgres,300,INTERCONTINENTAL,1000,2000,9489.50,450000,114187334,121492,112527
19,OPERATION,GRPC,postgres,300,LOCAL,0,0,6210.61,450000,62499000,122072,113112
19,OPERATION,GRPC,postgres,300,REGIONAL,900,1000,7603.91,450000,62538900,121147,112248
19,OPERATION,GRPC,postgres,300,INTERCONTINENTAL,1000,2000,8383.25,450000,62413500,123796,114440
19,DELTA,GRPC,postgres,300,LOCAL,0,0,5764.02,450000,50312964,126090,116520
19,DELTA,GRPC,postgres,300,REGIONAL,900,1000,7044.16,450000,49354506,119151,110666
19,DELTA,GRPC,postgres,300,INTERCONTINENTAL,1000,2000,7686.55,450000,49635289,121678,112789
19,STATE,WT,postgres,1,LOCAL,0,0,53.61,5,1141,417,390
19,STATE,WT,postgres,1,REGIONAL,900,1000,1012.85,5,1141,306,297
19,STATE,WT,postgres,1,INTERCONTINENTAL,1000,2000,1596.97,5,1252,306,297
19,OPERATION,WT,postgres,1,LOCAL,0,0,50.92,5,620,197,188
19,OPERATION,WT,postgres,1,REGIONAL,900,1000,1000.50,5,667,306,297
19,OPERATION,WT,postgres,1,INTERCONTINENTAL,1000,2000,1947.18,5,692,528,483
19,DELTA,WT,postgres,1,LOCAL,0,0,53.56,5,552,306,297
19,DELTA,WT,postgres,1,REGIONAL,900,1000,1003.20,5,576,417,390
19,DELTA,WT,postgres,1,INTERCONTINENTAL,1000,2000,1630.85,5,444,307,289
19,STATE,WT,postgres,100,LOCAL,0,0,607.31,50000,12257768,37970,35406
19,STATE,WT,postgres,100,REGIONAL,900,1000,1575.41,50000,12720362,39890,37137
19,STATE,WT,postgres,100,INTERCONTINENTAL,1000,2000,2034.30,50000,13085029,41365,38366
19,OPERATION,WT,postgres,100,LOCAL,0,0,512.49,50000,6819100,37636,35166
19,OPERATION,WT,postgres,100,REGIONAL,900,1000,1467.07,50000,6910200,43621,40322
19,OPERATION,WT,postgres,100,INTERCONTINENTAL,1000,2000,2022.87,50000,6854300,39993,37215
19,DELTA,WT,postgres,100,LOCAL,0,0,532.07,50000,5506188,41473,38485
19,DELTA,WT,postgres,100,REGIONAL,900,1000,1476.37,50000,5446496,39996,37220
19,DELTA,WT,postgres,100,INTERCONTINENTAL,1000,2000,2052.33,50000,5410201,39203,36542
19,STATE,WT,postgres,300,LOCAL,0,0,4979.30,450000,117970957,125036,115644
19,STATE,WT,postgres,300,REGIONAL,900,1000,5929.48,450000,116632610,123932,114575
19,STATE,WT,postgres,300,INTERCONTINENTAL,1000,2000,5938.61,450000,116835183,123423,114343
19,OPERATION,WT,postgres,300,LOCAL,0,0,3867.77,450000,62577000,121999,113055
19,OPERATION,WT,postgres,300,REGIONAL,900,1000,5011.38,450000,62601900,123008,113879
19,OPERATION,WT,postgres,300,INTERCONTINENTAL,1000,2000,5373.01,450000,62779800,125267,115831
19,DELTA,WT,postgres,300,LOCAL,0,0,3795.35,450000,49731883,122252,113249
19,DELTA,WT,postgres,300,REGIONAL,900,1000,4861.35,450000,50065481,123423,114281
19,DELTA,WT,postgres,300,INTERCONTINENTAL,1000,2000,5182.17,450000,50384372,125725,116275
20,STATE,WS,postgres,1,LOCAL,0,0,51.43,5,811,307,289
20,STATE,WS,postgres,1,REGIONAL,900,1000,1000.53,5,1585,528,483
20,STATE,WS,postgres,1,INTERCONTINENTAL,1000,2000,1584.71,5,1474,417,390
20,OPERATION,WS,postgres,1,LOCAL,0,0,55.30,5,692,528,483
20,OPERATION,WS,postgres,1,REGIONAL,900,1000,1008.92,5,692,528,483
20,OPERATION,WS,postgres,1,INTERCONTINENTAL,1000,2000,1957.90,5,692,528,483
20,DELTA,WS,postgres,1,LOCAL,0,0,51.97,5,577,528,483
20,DELTA,WS,postgres,1,REGIONAL,900,1000,1010.50,5,552,306,297
20,DELTA,WS,postgres,1,INTERCONTINENTAL,1000,2000,1961.05,5,577,528,483
20,STATE,WS,postgres,100,LOCAL,0,0,375.36,50000,12559876,38754,36134
20,STATE,WS,postgres,100,REGIONAL,900,1000,1285.64,50000,13220076,40578,37751
20,STATE,WS,postgres,100,INTERCONTINENTAL,1000,2000,2048.47,50000,12504832,40450,37583
20,OPERATION,WS,postgres,100,LOCAL,0,0,267.15,50000,6864500,40453,37613
20,OPERATION,WS,postgres,100,REGIONAL,900,1000,1231.55,50000,6866100,39895,37093
20,OPERATION,WS,postgres,100,INTERCONTINENTAL,1000,2000,2027.63,50000,6838000,40229,37390
20,DELTA,WS,postgres,100,LOCAL,0,0,308.94,50000,5494588,41351,38379
20,DELTA,WS,postgres,100,REGIONAL,900,1000,1227.85,50000,5432192,40238,37394
20,DELTA,WS,postgres,100,INTERCONTINENTAL,1000,2000,2030.86,50000,5490789,41130,38185
20,STATE,WS,postgres,300,LOCAL,0,0,2300.08,450000,118042033,124451,115072
20,STATE,WS,postgres,300,REGIONAL,900,1000,3505.54,450000,121164706,128705,118719
20,STATE,WS,postgres,300,INTERCONTINENTAL,1000,2000,3800.05,450000,116850168,123638,114532
20,OPERATION,WS,postgres,300,LOCAL,0,0,2083.68,450000,62691900,123220,113979
20,OPERATION,WS,postgres,300,REGIONAL,900,1000,3235.20,450000,62643600,121360,112548
20,OPERATION,WS,postgres,300,INTERCONTINENTAL,1000,2000,3446.81,450000,62483700,119954,111324
20,DELTA,WS,postgres,300,LOCAL,0,0,1983.39,450000,50062187,122920,113912
20,DELTA,WS,postgres,300,REGIONAL,900,1000,3288.77,450000,50278164,126355,116749
20,DELTA,WS,postgres,300,INTERCONTINENTAL,1000,2000,3457.17,450000,49818278,123212,114052
20,STATE,TCP_RAW,postgres,1,LOCAL,0,0,52.71,5,1030,306,297
20,STATE,TCP_RAW,postgres,1,REGIONAL,900,1000,996.01,5,1585,528,483
20,STATE,TCP_RAW,postgres,1,INTERCONTINENTAL,1000,2000,1651.34,5,591,197,188
20,OPERATION,TCP_RAW,postgres,1,LOCAL,0,0,51.53,5,668,417,390
20,OPERATION,TCP_RAW,postgres,1,REGIONAL,900,1000,1006.90,5,668,417,390
20,OPERATION,TCP_RAW,postgres,1,INTERCONTINENTAL,1000,2000,1949.59,5,692,528,483
20,DELTA,TCP_RAW,postgres,1,LOCAL,0,0,52.82,5,552,306,297
20,DELTA,TCP_RAW,postgres,1,REGIONAL,900,1000,1008.31,5,577,528,483
20,DELTA,TCP_RAW,postgres,1,INTERCONTINENTAL,1000,2000,1900.35,5,576,417,390
20,STATE,TCP_RAW,postgres,100,LOCAL,0,0,225.96,50000,12700762,39785,36991
20,STATE,TCP_RAW,postgres,100,REGIONAL,900,1000,1156.90,50000,12633654,40127,37301
20,STATE,TCP_RAW,postgres,100,INTERCONTINENTAL,1000,2000,2080.31,50000,12404753,38762,36116
20,OPERATION,TCP_RAW,postgres,100,LOCAL,0,0,165.97,50000,6857500,40245,37417
20,OPERATION,TCP_RAW,postgres,100,REGIONAL,900,1000,1135.71,50000,6839000,38768,36148
20,OPERATION,TCP_RAW,postgres,100,INTERCONTINENTAL,1000,2000,2112.42,50000,6871200,40331,37533
20,DELTA,TCP_RAW,postgres,100,LOCAL,0,0,198.38,50000,5511186,41710,38676
20,DELTA,TCP_RAW,postgres,100,REGIONAL,900,1000,1117.13,50000,5558601,40336,37574
20,DELTA,TCP_RAW,postgres,100,INTERCONTINENTAL,1000,2000,2097.65,50000,5507886,41472,38466
20,STATE,TCP_RAW,postgres,300,LOCAL,0,0,1652.75,450000,120229063,125513,116147
20,STATE,TCP_RAW,postgres,300,REGIONAL,900,1000,2469.74,450000,117951445,124711,115379
20,STATE,TCP_RAW,postgres,300,INTERCONTINENTAL,1000,2000,2695.23,450000,120398232,126333,116682
20,OPERATION,TCP_RAW,postgres,300,LOCAL,0,0,1271.85,450000,62393100,120703,111915
20,OPERATION,TCP_RAW,postgres,300,REGIONAL,900,1000,2232.81,450000,62610600,123530,114376
20,OPERATION,TCP_RAW,postgres,300,INTERCONTINENTAL,1000,2000,2519.77,450000,62498100,120620,111885
20,DELTA,TCP_RAW,postgres,300,LOCAL,0,0,1316.63,450000,49951476,123797,114555
20,DELTA,TCP_RAW,postgres,300,REGIONAL,900,1000,2225.00,450000,49948474,124007,114742
20,DELTA,TCP_RAW,postgres,300,INTERCONTINENTAL,1000,2000,2485.91,450000,49072795,119088,110474
20,STATE,GRPC,postgres,1,LOCAL,0,0,52.46,5,1252,417,390
20,STATE,GRPC,postgres,1,REGIONAL,900,1000,1007.46,5,1030,306,297
20,STATE,GRPC,postgres,1,INTERCONTINENTAL,1000,2000,1626.93,5,1363,417,390
20,OPERATION,GRPC,postgres,1,LOCAL,0,0,50.80,5,667,306,297
20,OPERATION,GRPC,postgres,1,REGIONAL,900,1000,1003.30,5,690,307,289
20,OPERATION,GRPC,postgres,1,INTERCONTINENTAL,1000,2000,1609.39,5,620,197,188
20,DELTA,GRPC,postgres,1,LOCAL,0,0,52.51,5,444,307,289
20,DELTA,GRPC,postgres,1,REGIONAL,900,1000,1010.62,5,577,528,483
20,DELTA,GRPC,postgres,1,INTERCONTINENTAL,1000,2000,1949.59,5,577,528,483
20,STATE,GRPC,postgres,100,LOCAL,0,0,785.10,50000,13312014,42835,39609
20,STATE,GRPC,postgres,100,REGIONAL,900,1000,1574.35,50000,13194954,41125,38199
20,STATE,GRPC,postgres,100,INTERCONTINENTAL,1000,2000,2035.56,50000,12026074,37729,35279
20,OPERATION,GRPC,postgres,100,LOCAL,0,0,576.02,50000,6825600,39559,36786
20,OPERATION,GRPC,postgres,100,REGIONAL,900,1000,1517.39,50000,6824100,38745,36128
20,OPERATION,GRPC,postgres,100,INTERCONTINENTAL,1000,2000,2045.82,50000,6833300,39796,36979
20,DELTA,GRPC,postgres,100,LOCAL,0,0,588.53,50000,5369096,39324,36601
20,DELTA,GRPC,postgres,100,REGIONAL,900,1000,1542.30,50000,5557090,41700,38709
20,DELTA,GRPC,postgres,100,INTERCONTINENTAL,1000,2000,2043.77,50000,5437991,40453,37585
20,STATE,GRPC,postgres,300,LOCAL,0,0,7742.31,450000,116847417,124011,114701
20,STATE,GRPC,postgres,300,REGIONAL,900,1000,8697.81,450000,116778771,123071,113981
20,STATE,GRPC,postgres,300,INTERCONTINENTAL,1000,2000,9619.43,450000,118305443,125528,116007
20,OPERATION,GRPC,postgres,300,LOCAL,0,0,5945.18,450000,62433300,120090,111369
20,OPERATION,GRPC,postgres,300,REGIONAL,900,1000,7723.90,450000,62602800,122081,112997
20,OPERATION,GRPC,postgres,300,INTERCONTINENTAL,1000,2000,8509.20,450000,62577600,124177,114681
20,DELTA,GRPC,postgres,300,LOCAL,0,0,5594.33,450000,49789187,122043,113094
20,DELTA,GRPC,postgres,300,REGIONAL,900,1000,7081.08,450000,49820680,122856,113756
20,DELTA,GRPC,postgres,300,INTERCONTINENTAL,1000,2000,7649.29,450000,49893594,121846,112963
20,STATE,WT,postgres,1,LOCAL,0,0,55.97,5,1252,417,390
20,STATE,WT,postgres,1,REGIONAL,900,1000,1010.07,5,1585,528,483
20,STATE,WT,postgres,1,INTERCONTINENTAL,1000,2000,1649.51,5,1363,417,390
20,OPERATION,WT,postgres,1,LOCAL,0,0,53.92,5,692,528,483
20,OPERATION,WT,postgres,1,REGIONAL,900,1000,1005.64,5,692,528,483
20,OPERATION,WT,postgres,1,INTERCONTINENTAL,1000,2000,1960.90,5,668,417,390
20,DELTA,WT,postgres,1,LOCAL,0,0,51.69,5,552,306,297
20,DELTA,WT,postgres,1,REGIONAL,900,1000,1008.61,5,552,306,297
20,DELTA,WT,postgres,1,INTERCONTINENTAL,1000,2000,1967.21,5,577,528,483
20,STATE,WT,postgres,100,LOCAL,0,0,629.62,50000,12829642,40099,37269
20,STATE,WT,postgres,100,REGIONAL,900,1000,1582.30,50000,13190940,41718,38662
20,STATE,WT,postgres,100,INTERCONTINENTAL,1000,2000,2037.58,50000,13168627,42172,39058
20,OPERATION,WT,postgres,100,LOCAL,0,0,509.45,50000,6848700,39208,36555
20,OPERATION,WT,postgres,100,REGIONAL,900,1000,1484.08,50000,6819800,38864,36235
20,OPERATION,WT,postgres,100,INTERCONTINENTAL,1000,2000,2025.05,50000,6842400,39561,36795
20,DELTA,WT,postgres,100,LOCAL,0,0,483.07,50000,5393094,39540,36785
20,DELTA,WT,postgres,100,REGIONAL,900,1000,1469.19,50000,5349699,38652,36015
20,DELTA,WT,postgres,100,INTERCONTINENTAL,1000,2000,2013.05,50000,5485197,40123,37335
20,STATE,WT,postgres,300,LOCAL,0,0,4814.91,450000,118226244,124573,115303
20,STATE,WT,postgres,300,REGIONAL,900,1000,5881.67,450000,118466270,123425,114364
20,STATE,WT,postgres,300,INTERCONTINENTAL,1000,2000,5979.51,450000,118593181,124152,114898
20,OPERATION,WT,postgres,300,LOCAL,0,0,3845.27,450000,62426700,122863,113687
20,OPERATION,WT,postgres,300,REGIONAL,900,1000,5117.63,450000,62759100,126000,116376
20,OPERATION,WT,postgres,300,INTERCONTINENTAL,1000,2000,5398.02,450000,62683800,122283,113407
20,DELTA,WT,postgres,300,LOCAL,0,0,4057.54,450000,50339074,125265,115886
20,DELTA,WT,postgres,300,REGIONAL,900,1000,5080.00,450000,49361375,121897,112848
20,DELTA,WT,postgres,300,INTERCONTINENTAL,1000,2000,5323.15,450000,50086160,125758,116175
